symbol,name,exchange,price,avg_volume
A,"Agilent Technologies, Inc. Common Stock",NYSE,172.79,2625600
AA,Alcoa Corporation Common Stock,NYSE,42.85,3740495
AADX,"Applied Aerospace & Defense, Inc. Common Stock",NYSE,12.64,2063318
AAL,"American Airlines Group, Inc. - Common Stock",NASDAQ,13.87,70711968
AAOI,"Applied Optoelectronics, Inc. - Common Stock",NASDAQ,101.4,6509486
AAON,"AAON, Inc. - Common Stock",NASDAQ,89.1,1167545
AAP,Advance Auto Parts Inc.,NYSE,41.73,1677177
AAPL,Apple Inc. - Common Stock,NASDAQ,341.07,42013540
ABBV,AbbVie Inc. Common Stock,NYSE,264.34,4070154
ABCL,AbCellera Biologics Inc. - Common Shares,NASDAQ,12.7,4307790
ABEO,Abeona Therapeutics Inc. - Common Stock,NASDAQ,5.4,1363090
ABM,ABM Industries Incorporated Common Stock,NYSE,49.78,541781
ABNB,"Airbnb, Inc. - Class A Common Stock",NASDAQ,157.47,5114804
ABR,Arbor Realty Trust Common Stock,NYSE,4.03,4420604
ABSI,Absci Corporation - Common Stock,NASDAQ,9.74,3766718
ABT,Abbott Laboratories Common Stock,NYSE,101.29,8690613
ABTC,American Bitcoin Corp. - Class A Common Stock,NASDAQ,9.1,1830059
ABUS,Arbutus Biopharma Corporation - Common Stock,NASDAQ,4.85,5258213
ABVX,Abivax SA - American Depositary Shares,NASDAQ,91.06,1280609
ABX,"Abacus Global Management, Inc. Class A Common Stock",NYSE,8.29,584413
ACA,"Arcosa, Inc. Common Stock",NYSE,146.62,648936
ACAD,ACADIA Pharmaceuticals Inc. - Common Stock,NASDAQ,20.68,1855700
ACB,Aurora Cannabis Inc. - Common Shares,NASDAQ,4.1,923450
ACCO,Acco Brands Corporation Common Stock,NYSE,4.31,704040
ACDC,ProFrac Holding Corp. - Class A Common Stock,NASDAQ,4.61,1213431
ACGL,Arch Capital Group Ltd. - Common Stock,NASDAQ,94.66,4127545
ACHC,"Acadia Healthcare Company, Inc. - Common Stock",NASDAQ,28.09,1503654
ACHR,Archer Aviation Inc. Class A Common Stock,NYSE,5.61,23855072
ACHV,"Achieve Life Sciences, Inc.  - Common Shares",NASDAQ,7.54,1604795
ACI,"Albertsons Companies, Inc. Class A Common Stock",NYSE,11.67,7901918
ACIW,"ACI Worldwide, Inc. - Common Stock",NASDAQ,49.51,763986
ACM,AECOM Common Stock,NYSE,60.89,2114081
ACMR,"ACM Research, Inc. - Class A Common Stock",NASDAQ,77.3,1042572
ACN,Accenture plc Class A Ordinary Shares (Ireland),NYSE,176.11,4817304
ACP,abrdn Income Credit Strategies Fund Common Shares,NYSE,4.48,930218
ACRS,"Aclaris Therapeutics, Inc. - Common Stock",NASDAQ,5.15,2553640
ACVA,ACV Auctions Inc. Class A Common Stock,NYSE,10.46,12791718
ADAM,"Adamas Trust, Inc. - Common Stock",NASDAQ,8.14,1118709
ADBE,Adobe Inc. - Common Stock,NASDAQ,235.47,5540409
ADC,Agree Realty Corporation Common Stock,NYSE,67.48,1472313
ADEA,Adeia Inc.  - Common Stock,NASDAQ,25.48,866020
ADI,"Analog Devices, Inc. - Common Stock",NASDAQ,393.6,3344922
ADIG,ADI Global Distribution Inc. Common Stock,NYSE,19.55,762095
ADM,Archer-Daniels-Midland Company Common Stock,NYSE,81.12,3782322
ADMA,ADMA Biologics Inc - Common Stock,NASDAQ,9.38,2713522
ADNT,Adient plc Ordinary Shares,NYSE,17.63,961450
ADP,"Automatic Data Processing, Inc. - Common Stock",NASDAQ,263.67,2162445
ADPT,Adaptive Biotechnologies Corporation - Common Stock,NASDAQ,29.43,2165440
ADRX,"ADARx Pharmaceuticals, Inc. - Common stock",NASDAQ,19.35,4213100
ADSK,"Autodesk, Inc. - Common Stock",NASDAQ,209.4,2409581
ADT,ADT Inc. Common Stock,NYSE,6.4,7820636
ADTN,"ADTRAN Holdings, Inc. - Common Stock",NASDAQ,7.13,1616581
AEE,Ameren Corporation Common Stock,NYSE,99.39,1579736
AEG,Aegon Ltd. New York Registry Shares,NYSE,8.89,4712559
AEHL,Antelope Enterprise Holdings Limited - Class A Ordinary Shares,NASDAQ,9.36,4189809
AEHR,Aehr Test Systems - Common Stock,NASDAQ,104.39,2755895
AEIS,"Advanced Energy Industries, Inc. - Common Stock",NASDAQ,279.68,538577
AEM,Agnico Eagle Mines Limited Common Stock,NYSE,194.48,2205109
AEMD,"Aethlon Medical, Inc. - Common Stock",NASDAQ,6.28,7348945
AEO,"American Eagle Outfitters, Inc. Common Stock",NYSE,16.58,7575309
AEP,"American Electric Power Company, Inc. - Common Stock",NASDAQ,118.35,3916250
AER,AerCap Holdings N.V. Ordinary Shares,NYSE,149.21,1142818
AES,The AES Corporation Common Stock,NYSE,14.87,7737190
AESI,Atlas Energy Solutions Inc. Common Stock,NYSE,12.47,3420477
AEVA,"Aeva Technologies, Inc. - Common Stock",NASDAQ,15.35,1485859
AFL,AFLAC Incorporated Common Stock,NYSE,113.72,2307422
AFRM,"Affirm Holdings, Inc. - Class A Common Stock",NASDAQ,71.52,6107459
AG,First Majestic Silver Corp. Ordinary Shares (Canada),NYSE,19.01,9248618
AGCO,AGCO Corporation Common Stock,NYSE,118.02,1241131
AGEN,Agenus Inc. - Common Stock,NASDAQ,8.54,895445
AGI,Alamos Gold Inc. Class A Common Shares,NYSE,34.5,3546531
AGIO,"Agios Pharmaceuticals, Inc. - Common Stock",NASDAQ,32.58,928304
AGNC,AGNC Investment Corp. - Common Stock,NASDAQ,9.62,33618372
AGNT,"AGNT, Inc. - Common Stock",NASDAQ,3.63,1756631
AGO,Assured Guaranty Ltd. Common Stock,NYSE,69.49,524631
AGRO,Adecoagro S.A. Common Shares,NYSE,10.43,752400
AHCO,AdaptHealth Corp.  - Common Stock,NASDAQ,5.64,2759577
AHR,"American Healthcare REIT, Inc. Common Stock",NYSE,52.02,3089913
AHRT,"AH Realty Trust, Inc. Common Stock",NYSE,5.91,738190
AI,"C3.ai, Inc. Class A Common Stock",NYSE,10.65,5391872
AIAI,AIAI Holdings Corporation - Class A common stock,NASDAQ,3.64,513163
AIG,"American International Group, Inc. New Common Stock",NYSE,74.17,4255118
AIP,"Arteris, Inc.  - Common Stock",NASDAQ,23.89,732550
AIRJ,AirJoule Technologies Corporation - Class A Common Stock,NASDAQ,4.09,885295
AJG,Arthur J. Gallagher & Co. Common Stock,NYSE,231.1,1410700
AKAM,"Akamai Technologies, Inc. - Common Stock",NASDAQ,113.94,4825090
AKAN,Akanda Corp. - Common Shares,NASDAQ,3.05,2241781
AKR,Acadia Realty Trust Common Stock,NYSE,19.24,1322109
ALAB,"Astera Labs, Inc. - Common Stock",NASDAQ,364.62,3881795
ALB,Albemarle Corporation Common Stock,NYSE,109.73,2504340
ALC,Alcon Inc. Ordinary Shares,NYSE,64.47,1550781
ALGM,"Allegro MicroSystems, Inc. - Common Stock",NASDAQ,36.76,2273931
ALGN,"Align Technology, Inc. - Common Stock",NASDAQ,146.78,903904
ALH,Alliance Laundry Holdings Inc. Common Stock,NYSE,21.86,1050054
ALHC,"Alignment Healthcare, Inc. - Common Stock",NASDAQ,8.21,10375563
ALK,"Alaska Air Group, Inc. Common Stock",NYSE,40.94,2473927
ALKS,Alkermes plc - Ordinary Shares,NASDAQ,40.85,2010263
ALKT,"Alkami Technology, Inc. - Common Stock",NASDAQ,13.8,1963081
ALL,Allstate Corporation (The) Common Stock,NYSE,227.6,1995372
ALLE,Allegion plc Ordinary Shares,NYSE,154.47,1371781
ALLY,Ally Financial Inc. Common Stock,NYSE,38.79,3437290
ALM,Almonty Industries Inc. - Common Shares,NASDAQ,13.72,6540590
ALMS,Alumis Inc. - Common Stock,NASDAQ,7.1,4718454
ALMU,"Aeluma, Inc. - Common Stock",NASDAQ,13.29,637390
ALNY,"Alnylam Pharmaceuticals, Inc. - Common Stock",NASDAQ,255.96,1548631
ALOY,REalloys Inc. - Common Stock,NASDAQ,8.9,1954422
ALP,Alpha Compute Corp  - Ordinary Shares,NASDAQ,5.58,2315960
ALSN,"Allison Transmission Holdings, Inc. Common Stock",NYSE,113.86,798509
ALT,"Altimmune, Inc. - Common Stock",NASDAQ,3.06,3784036
ALTO,"Alto Ingredients, Inc. - Common Stock",NASDAQ,3.73,1270468
ALV,"Autoliv, Inc. Common Stock",NYSE,117.52,663704
ALVO,Alvotech - Ordinary Shares,NASDAQ,5.75,1122004
AM,Antero Midstream Corporation Common Stock,NYSE,20.93,2390095
AMAT,"Applied Materials, Inc. - Common Stock",NASDAQ,485.0,6314313
AMBA,"Ambarella, Inc. - Ordinary Shares",NASDAQ,72.68,1954095
AMBP,Ardagh Metal Packaging S.A. Ordinary Shares,NYSE,4.38,1748477
AMBQ,"Ambiq Micro, Inc. Common Stock",NYSE,69.79,569122
AMCR,Amcor plc Ordinary Shares,NYSE,42.51,3358227
AMCX,AMC Global Media Inc. - Class A Common Stock,NASDAQ,12.16,593631
AMD,"Advanced Micro Devices, Inc. - Common Stock",NASDAQ,630.63,21059031
AME,"AMETEK, Inc.",NYSE,250.74,1427568
AMGN,Amgen Inc. - Common Stock,NASDAQ,414.61,2971245
AMH,American Homes 4 Rent Common Shares of Beneficial Interest,NYSE,30.64,2946586
AMKR,"Amkor Technology, Inc. - Common Stock",NASDAQ,53.61,4123695
AMLX,"Amylyx Pharmaceuticals, Inc. - Common Stock",NASDAQ,29.49,1669468
AMN,AMN Healthcare Services Inc,NYSE,34.56,594318
AMP,"Ameriprise Financial, Inc. Common Stock",NYSE,493.0,608950
AMPG,"Amplitech Group, Inc. - Common Stock",NASDAQ,3.34,924927
AMPL,"Amplitude, Inc. - Class A Common Stock",NASDAQ,13.3,1625618
AMPX,"Amprius Technologies, Inc. Common Stock",NYSE,9.75,4425795
AMPY,Amplify Energy Corp. Common Stock,NYSE,4.28,551322
AMRC,"Ameresco, Inc. Class A Common Stock",NYSE,21.48,648454
AMRX,"Amneal Pharmaceuticals, Inc. - Class A Common Stock",NASDAQ,19.77,2434931
AMRZ,Amrize Ltd Ordinary Shares,NYSE,38.22,4249518
AMSC,American Superconductor Corporation - Common Stock,NASDAQ,30.01,695868
AMSF,"AMERISAFE, Inc. - Common Stock",NASDAQ,23.51,563609
AMT,American Tower Corporation (REIT) Common Stock,NYSE,169.03,2497954
AMTM,"Amentum Holdings, Inc. Common Stock",NYSE,19.19,1674236
AMX,"America Movil, S.A.B. de C.V. American Depositary Shares (each representing the right to receive twenty (20) Series B Shares",NYSE,22.03,2682068
AMZN,"Amazon.com, Inc. - Common Stock",NASDAQ,249.67,34744000
AN,"AutoNation, Inc. Common Stock",NYSE,166.98,588786
ANAB,"AnaptysBio, Inc. - Common Stock",NASDAQ,51.0,519550
ANET,"Arista Networks, Inc. Common Stock",NYSE,206.55,4898195
ANF,Abercrombie & Fitch Company Common Stock,NYSE,135.71,2373181
ANGI,Angi Inc. - Class A Common Stock,NASDAQ,5.42,847054
ANGX,"Angel Studios, Inc. Class A Common Stock",NYSE,4.8,1913681
ANNX,"Annexon, Inc. - common stock",NASDAQ,3.64,2935100
ANRO,"Alto Neuroscience, Inc. Common Stock",NYSE,26.49,541177
AON,Aon plc Class A Ordinary Shares (Ireland),NYSE,277.99,2080109
AORT,"Artivion, Inc. Common Stock",NYSE,22.63,643172
AOS,A.O. Smith Corporation Common Stock,NYSE,58.65,1440468
AOSL,Alpha and Omega Semiconductor Limited - Common Shares,NASDAQ,27.93,568781
APA,APA Corporation - Common Stock,NASDAQ,42.74,5560081
APAM,Artisan Partners Asset Management Inc. Class A Common Stock,NYSE,36.16,803468
APD,"Air Products and Chemicals, Inc. Common Stock",NYSE,281.76,1149386
APG,APi Group Corporation Common Stock,NYSE,38.46,3637336
APH,Amphenol Corporation Common Stock,NYSE,84.09,11970972
APLD,Applied Digital Corporation - Common Stock,NASDAQ,26.25,15648109
APLE,"Apple Hospitality REIT, Inc. Common Shares",NYSE,16.19,2536618
APMD,"Apnimed, Inc. - Common Stock",NASDAQ,21.09,557254
APO,"Apollo Global Management, Inc. (New) Common Stock",NYSE,121.69,2576768
APP,Applovin Corporation - Class A Common Stock,NASDAQ,310.75,4798940
APPN,Appian Corporation - Class A Common Stock,NASDAQ,36.01,922509
APPS,"Digital Turbine, Inc. - Common Stock",NASDAQ,11.11,2839700
APTV,Aptiv PLC Ordinary Shares,NYSE,44.79,5157654
APUS,"Apimeds Pharmaceuticals US, Inc. Common Stock",NYSE American,7.25,5821527
AQN,Algonquin Power & Utilities Corp. Common Shares,NYSE,5.0,4365577
AQST,"Aquestive Therapeutics, Inc. - Common Stock",NASDAQ,4.68,2455200
AR,Antero Resources Corporation Common Stock,NYSE,35.0,4000836
ARCC,Ares Capital Corporation - Closed End Fund,NASDAQ,19.2,4490422
ARCO,Arcos Dorados Holdings Inc. Class A Shares,NYSE,7.24,1073000
ARCT,Arcturus Therapeutics Holdings Inc. - Common Stock,NASDAQ,13.85,1055977
ARDX,"Ardelyx, Inc. - Common Stock",NASDAQ,3.42,4057540
ARE,"Alexandria Real Estate Equities, Inc. Common Stock",NYSE,49.93,1814731
ARES,Ares Management Corporation Class A Common Stock,NYSE,122.01,2125950
ARHS,"Arhaus, Inc. - Class A Common Stock",NASDAQ,9.71,1224550
ARI,"Apollo Commercial Real Estate Finance, Inc",NYSE,6.24,2354895
ARIS,Aris Mining Corporation Common Shares,NYSE,18.93,1450527
ARKO,ARKO Corp. - Common Stock,NASDAQ,4.28,958559
ARLO,"Arlo Technologies, Inc. Common Stock",NYSE,12.84,1319618
ARM,Arm Holdings plc - American Depositary Shares,NASDAQ,310.32,5225172
ARMK,Aramark Common Stock,NYSE,54.92,2248359
AROC,"Archrock, Inc. Common Stock",NYSE,30.43,1880927
ARQT,"Arcutis Biotherapeutics, Inc. - Common stock",NASDAQ,26.92,3218118
ARR,"ARMOUR Residential REIT, Inc.",NYSE,14.1,4092277
ARRY,"Array Technologies, Inc. - Common Stock",NASDAQ,4.03,6225900
ARTL,"Artelo Biosciences, Inc. - Common Stock",NASDAQ,4.54,1303204
ARVN,"Arvinas, Inc. - Common Stock",NASDAQ,7.59,834836
ARW,"Arrow Electronics, Inc. Common Stock",NYSE,232.8,533613
ARWR,"Arrowhead Pharmaceuticals, Inc. - Common Stock",NASDAQ,65.92,2112181
ARX,Accelerant Holdings Class A Common Shares,NYSE,19.75,1822259
ARXS,"Arxis, Inc. - Class A Common Stock",NASDAQ,50.12,817822
AS,"Amer Sports, Inc. Ordinary Shares",NYSE,27.77,7753522
ASAN,"Asana, Inc. Class A Common Stock",NYSE,9.02,8401668
ASB,Associated Banc-Corp Common Stock,NYSE,29.37,2197531
ASC,Ardmore Shipping Corporation Common Stock,NYSE,17.85,622227
ASH,Ashland Inc. Common Stock,NYSE,69.06,656540
ASM,Avino Silver & Gold Mines Ltd. Common Shares (Canada),NYSE American,5.94,3846550
ASML,ASML Holding N.V. - New York Registry Shares,NASDAQ,1743.94,1270686
ASND,Ascendis Pharma A/S - Ordinary Share,NASDAQ,225.6,823118
ASO,"Academy Sports and Outdoors, Inc. - Common Stock",NASDAQ,49.14,2191918
ASPN,"Aspen Aerogels, Inc. Common Stock",NYSE,5.22,857836
ASST,"Strive, Inc. - Class A Common Stock",NASDAQ,29.44,10462172
ASTL,Algoma Steel Group Inc. - Common Shares,NASDAQ,4.26,782495
ASTS,"AST SpaceMobile, Inc. - Class A Common Stock",NASDAQ,61.81,9578813
ASX,"ASE Technology Holding Co., Ltd. American Depositary Shares (each representing Two Common Shares)",NYSE,44.31,6503836
ATAT,Atour Lifestyle Holdings Limited - American Depositary Shares,NASDAQ,32.23,857650
ATEC,"Alphatec Holdings, Inc. - Common Stock",NASDAQ,10.12,2257263
ATEN,"A10 Networks, Inc. Common Stock",NYSE,25.73,1091722
ATHM,"Autohome Inc. American Depositary Shares, each representing four class A ordinary shares.",NYSE,21.33,582754
ATI,ATI Inc. Common Stock,NYSE,185.48,1964268
ATKR,Atkore Inc. Common Stock,NYSE,94.57,737645
ATMU,Atmus Filtration Technologies Inc. Common Stock,NYSE,44.71,711672
ATO,Atmos Energy Corporation Common Stock,NYSE,157.21,988313
ATRC,"AtriCure, Inc. - Common Stock",NASDAQ,58.38,1456231
ATRO,Astronics Corporation - Common Stock,NASDAQ,69.22,639527
AU,AngloGold Ashanti PLC Ordinary Shares,NYSE,99.03,2534072
AUB,Atlantic Union Bankshares Corporation Common Stock,NYSE,38.78,1266109
AUGO,Aura Minerals Inc. - Common Shares,NASDAQ,83.57,1093872
AUPH,Aurinia Pharmaceuticals Inc - Common Shares,NASDAQ,16.44,814718
AUR,"Aurora Innovation, Inc.  - Class A Common Stock",NASDAQ,6.04,32316036
AURA,"Aura Biosciences, Inc. - Common Stock",NASDAQ,6.0,849954
AVA,Avista Corporation Common Stock,NYSE,35.11,726563
AVAH,Aveanna Healthcare Holdings Inc. - Common Stock,NASDAQ,12.41,3230218
AVAV,"AeroVironment, Inc. - Common Stock",NASDAQ,152.05,2195790
AVBP,"ArriVent BioPharma, Inc. - Common Stock",NASDAQ,28.45,560327
AVEX,AEVEX Corp. Class A Common Stock,NYSE,16.07,1225363
AVGO,Broadcom Inc. - Common Stock,NASDAQ,352.81,26750640
AVNT,Avient Corporation Common Stock,NYSE,41.28,668468
AVO,"Mission Produce, Inc. - Common Stock",NASDAQ,13.14,837209
AVPT,"AvePoint, Inc. - Class A Common Stock",NASDAQ,13.0,1723804
AVR,Anteris Technologies Global Corp. - Common Stock,NASDAQ,7.69,693563
AVT,"Avnet, Inc. - Common Stock",NASDAQ,103.08,1304163
AVTR,"Avantor, Inc. Common Stock",NYSE,15.25,8452159
AVTX,"Avalo Therapeutics, Inc. - Common Stock",NASDAQ,15.47,1097577
AVY,Avery Dennison Corporation Common Stock,NYSE,170.34,1157331
AWK,"American Water Works Company, Inc. Common Stock",NYSE,130.91,1906350
AXGN,"Axogen, Inc. - Common Stock",NASDAQ,43.39,1232672
AXON,"Axon Enterprise, Inc. - Common Stock",NASDAQ,430.11,1022313
AXP,American Express Company Common Stock,NYSE,308.89,2931400
AXS,Axis Capital Holdings Limited Common Stock,NYSE,94.45,611963
AXSM,"Axsome Therapeutics, Inc. - Common Stock",NASDAQ,195.09,601200
AXTA,Axalta Coating Systems Ltd. Common Shares,NYSE,32.89,1975459
AXTI,AXT Inc - Common Stock,NASDAQ,78.94,8488609
AYA,Aya Gold & Silver Inc. - Common Shares,NASDAQ,28.47,1361240
AZN,AstraZeneca PLC Ordinary Shares,NYSE,166.58,3007850
AZTA,"Azenta, Inc. - Common Stock",NASDAQ,34.02,830172
B,Barrick Mining Corporation Common Shares,NYSE,42.88,8993809
BA,Boeing Company (The) Common Stock,NYSE,198.07,6320818
BABA,Alibaba Group Holding Limited American Depositary Shares each representing eight Ordinary share,NYSE,109.74,9152222
BAC,Bank of America Corporation Common Stock,NYSE,56.7,37328090
BAH,Booz Allen Hamilton Holding Corporation Common Stock,NYSE,72.95,1563122
BALL,Ball Corporation Common Stock,NYSE,56.83,1959018
BAM,Brookfield Asset Management Inc Class A Limited Voting Shares,NYSE,44.59,2516813
BANC,"Banc of California, Inc. Common Stock",NYSE,17.94,2571840
BAND,Bandwidth Inc. - Class A Common Stock,NASDAQ,61.81,956245
BAX,Baxter International Inc. Common Stock,NYSE,23.37,6272527
BB,BlackBerry Limited Common Stock,NYSE,8.21,14333200
BBAR,Banco BBVA Argentina S.A. ADS,NYSE,13.15,610363
BBD,Banco Bradesco Sa American Depositary Shares,NYSE,3.41,28066509
BBDC,"Barings BDC, Inc. Common Stock",NYSE,8.67,626677
BBIO,"BridgeBio Pharma, Inc. - Common Stock",NASDAQ,65.57,2533186
BBNX,"Beta Bionics, Inc. - Common Stock",NASDAQ,21.51,1375068
BBOT,"BridgeBio Oncology Therapeutics, Inc. - Common Stock",NASDAQ,3.95,672713
BBT,Beacon Financial Corporation Common stock,NYSE,28.19,997986
BBVA,Banco Bilbao Vizcaya Argentaria S.A. Common Stock,NYSE,28.87,1209009
BBW,"Build-A-Bear Workshop, Inc. Common Stock",NYSE,25.77,978954
BBWI,"Bath & Body Works, Inc.",NYSE,16.45,6929290
BBY,"Best Buy Co., Inc. Common Stock",NYSE,90.51,4358995
BC,Brunswick Corporation Common Stock,NYSE,67.19,801154
BCAT,BlackRock Capital Allocation Term Trust Common Shares of Beneficial Interest,NYSE,13.7,1159672
BCAX,Bicara Therapeutics Inc. - Common Stock,NASDAQ,19.21,594259
BCE,"BCE, Inc. Common Stock",NYSE,20.97,3884895
BCRX,"BioCryst Pharmaceuticals, Inc. - Common Stock",NASDAQ,8.59,4640900
BCS,Barclays PLC Common Stock,NYSE,24.81,4164168
BCSF,"Bain Capital Specialty Finance, Inc. Common Stock",NYSE,11.08,526750
BDX,"Becton, Dickinson and Company Common Stock",NYSE,183.82,1801600
BE,Bloom Energy Corporation Class A Common Stock,NYSE,288.7,16253736
BEAM,Beam Therapeutics Inc. - Common Stock,NASDAQ,24.27,1898613
BEKE,KE Holdings Inc American Depositary Shares (each representing three Class A Ordinary Shares),NYSE,16.33,5343090
BEN,"Franklin Templeton, Inc. Common Stock",NYSE,33.02,3599663
BEP,Brookfield Renewable Partners L.P. Limited Partnership Units,NYSE,28.35,1033818
BEPC,Brookfield Renewable Corporation Brookfield Renewable Corporation Class A Subordinate Voting Shares,NYSE,28.47,1720677
BETA,"Beta Technologies, Inc. Class A Common Stock",NYSE,23.85,3763500
BETR,Better Home & Finance Holding Company - Class A Common Stock,NASDAQ,10.45,522704
BFAM,Bright Horizons Family Solutions Inc. Common Stock,NYSE,65.86,958322
BFH,"Bread Financial Holdings, Inc. Common Stock",NYSE,102.91,580813
BFLY,"Butterfly Network, Inc. Class A Common Stock",NYSE,9.39,5343445
BG,Bunge Limited Common Shares,NYSE,109.0,2006581
BGC,"BGC Group, Inc. - Class A Common Stock",NASDAQ,11.84,3495086
BGS,"B&G Foods, Inc. Common Stock",NYSE,3.1,2064409
BHC,Bausch Health Companies Inc. Common Stock,NYSE,5.69,2363159
BHF,"Brighthouse Financial, Inc. - Common Stock",NASDAQ,53.24,1066645
BHP,BHP Group Limited American Depositary Shares (Each representing two Ordinary Shares),NYSE,84.97,2381759
BHVN,Biohaven Ltd. Common Shares,NYSE,12.99,3906581
BIAF,"bioAffinity Technologies, Inc. - Common Stock",NASDAQ,7.93,8428395
BIDU,"Baidu, Inc. - American Depositary Shares, each representing 8 ordinary share",NASDAQ,87.33,2578854
BIIB,Biogen Inc. - Common Stock,NASDAQ,227.6,903531
BILI,Bilibili Inc. - American Depositary Shares,NASDAQ,14.9,3731040
BILL,"BILL Holdings, Inc. Common Stock",NYSE,44.25,1798800
BIOA,"BioAge Labs, Inc. - Common Stock",NASDAQ,7.05,675390
BIP,Brookfield Infrastructure Partners LP Limited Partnership Units,NYSE,34.76,797668
BIPC,Brookfield Infrastructure Corporation Brookfield Infrastructure Corporation,NYSE,34.96,1249500
BIRK,Birkenstock Holding plc Ordinary Shares,NYSE,33.6,2344881
BJ,"BJ's Wholesale Club Holdings, Inc. Common Stock",NYSE,93.79,1586677
BKD,Brookdale Senior Living Inc. Common Stock,NYSE,11.11,4186163
BKH,Black Hills Corporation Common Stock,NYSE,70.46,955772
BKKT,"Bakkt, Inc. Class A Common Stock",NYSE,8.5,1308890
BKNG,Booking Holdings Inc. - Common Stock,NASDAQ,163.95,8180068
BKR,Baker Hughes Company - Common Stock,NASDAQ,57.83,8370795
BKSY,BlackSky Technology Inc. Class A Common Stock,NYSE,23.25,923318
BKU,"BankUnited, Inc. Common Stock",NYSE,43.64,940227
BKV,BKV Corporation Common Stock,NYSE,21.81,2350927
BL,"BlackLine, Inc. - Common Stock",NASDAQ,27.99,923695
BLBD,Blue Bird Corporation - Common Stock,NASDAQ,58.12,556754
BLDR,"Builders FirstSource, Inc. Common Stock",NYSE,59.17,3638945
BLFS,"BioLife Solutions, Inc. - Common Stock",NASDAQ,38.49,930095
BLK,"BlackRock, Inc. Common Stock",NYSE,1086.31,580481
BLLN,"BillionToOne, Inc. - Class A common stock",NASDAQ,123.08,633272
BLMN,"Bloomin' Brands, Inc. - Common Stock",NASDAQ,7.88,2104636
BLSH,Bullish Ordinary Shares,NYSE,37.58,1585159
BLZE,"Backblaze, Inc. - Common Stock",NASDAQ,13.19,1757763
BMGL,Basel Medical Group Ltd - ordinary shares,NASDAQ,3.7,1502954
BMNR,"BitMine Immersion Technologies, Inc. Common Stock",NYSE,27.56,43442104
BMO,Bank Of Montreal Common Stock,NYSE,172.3,712177
BMRN,BioMarin Pharmaceutical Inc. - Common Stock,NASDAQ,60.26,1931681
BMY,Bristol-Myers Squibb Company Common Stock,NYSE,62.86,10216086
BN,Brookfield Corporation Class A Limited Voting Shares,NYSE,36.87,4543245
BNC,CEA Industries Inc. - Common Stock,NASDAQ,6.11,4999350
BNL,"Broadstone Net Lease, Inc. Common Stock",NYSE,18.91,1868422
BNS,Bank Nova Scotia Halifax Pfd 3 Ordinary Shares,NYSE,93.48,1852518
BNTX,BioNTech SE - American Depositary Shares,NASDAQ,98.52,1035800
BNY,The Bank of New York Mellon Corporation Common Stock,NYSE,150.15,3694000
BOBS,"Bob's Discount Furniture, Inc. Common Stock",NYSE,13.75,843054
BOOT,"Boot Barn Holdings, Inc. Common Stock",NYSE,123.3,653763
BORR,Borr Drilling Limited Common Shares,NYSE,4.2,5626700
BOX,"Box, Inc. Class A Common Stock",NYSE,31.39,3120040
BP,BP p.l.c. Common Stock,NYSE,44.15,10212886
BPOP,"Popular, Inc. - Common Stock",NASDAQ,160.48,552931
BPRE,Bluerock Private Real Estate Fund Common Shares of Beneficial Interest,NYSE,12.35,941940
BR,"Broadridge Financial Solutions, Inc. Common Stock",NYSE,163.77,1072850
BRBR,"BellRing Brands, Inc. Common Stock",NYSE,7.91,3275004
BRBS,"Blue Ridge Bankshares, Inc. Common Stock",NYSE American,3.85,1328790
BRKR,Bruker Corporation - Common Stock,NASDAQ,64.18,2265981
BRO,"Brown & Brown, Inc. Common Stock",NYSE,60.82,2124722
BROS,Dutch Bros Inc. Class A Common Stock,NYSE,37.89,4208613
BRRKU,Bluerock Acquisition Corp. II - Units,NASDAQ,10.01,3580000
BRSL,"Brightstar Lottery PLC Trading under the Legal Name to begin at the market open on July 21, 2025. Ordinary Shares",NYSE,9.96,2152850
BRSP,"BrightSpire Capital, Inc. Class A Common Stock",NYSE,4.09,1633868
BRUN,Boost Run Inc. - Class A Common Stock,NASDAQ,16.77,2263536
BRVE,"Braveheart Bio, Inc. - Common Stock",NASDAQ,20.62,525536
BRX,Brixmor Property Group Inc. Common Stock,NYSE,28.07,3088631
BRZE,"Braze, Inc. - Class A Common Stock",NASDAQ,24.37,2699559
BSBR,"Banco Santander Brasil SA American Depositary Shares, each representing one unit",NYSE,5.76,3734686
BSP,Bending Spoons S.p.A. - Ordinary Shares,NASDAQ,33.25,2009336
BSX,Boston Scientific Corporation Common Stock,NYSE,43.92,21537122
BSY,"Bentley Systems, Incorporated - Class B Common Stock",NASDAQ,31.44,2628259
BTDR,Bitdeer Technologies Group - Ordinary Shares,NASDAQ,11.51,10263781
BTE,Baytex Energy Corp Common Shares,NYSE,4.53,16864581
BTG,B2Gold Corp Common shares (Canada),NYSE American,5.48,26088309
BTGO,"BitGo Holdings, Inc. Class A Common Stock",NYSE,7.48,2247240
BTI,"British American Tobacco  Industries, p.l.c. Common Stock ADR",NYSE,55.63,4997340
BTSG,"BrightSpring Health Services, Inc. - Common Stock",NASDAQ,56.59,2541840
BTU,Peabody Energy Corporation Common Stock,NYSE,25.44,2589813
BUD,Anheuser-Busch Inbev SA Sponsored ADR (Belgium),NYSE,78.0,2493350
BULL,Webull Corporation - Class A Ordinary Shares,NASDAQ,7.19,15090295
BUR,Burford Capital Limited Ordinary Shares,NYSE,3.64,1851281
BURL,"Burlington Stores, Inc. Common Stock",NYSE,254.69,1920500
BUSE,First Busey Corporation - Common Stock,NASDAQ,30.09,751709
BV,"BrightView Holdings, Inc. Common Stock",NYSE,10.41,908009
BVN,Buenaventura Mining Company Inc.,NYSE,33.17,1209650
BW,"Babcock & Wilcox Enterprises, Inc. Common Stock",NYSE,6.27,4735104
BWA,BorgWarner Inc. Common Stock,NYSE,61.32,2150750
BWIN,"The Baldwin Insurance Group, Inc. - Class A Common Stock",NASDAQ,31.85,4381395
BWXT,"BWX Technologies, Inc. Common Stock",NYSE,138.47,1093990
BX,Blackstone Inc. Common Stock,NYSE,118.42,3695200
BXDC,Blackstone Digital Infrastructure Trust Inc. Common Stock,NYSE,19.08,2230268
BXMT,"Blackstone Mortgage Trust, Inc. Common Stock",NYSE,12.5,2334154
BXP,"BXP, Inc. Common Stock",NYSE,63.4,1365859
BXSL,Blackstone Secured Lending Fund Common Shares of Beneficial Interest,NYSE,24.66,1259250
BYD,Boyd Gaming Corporation Common Stock,NYSE,71.23,997668
BYND,"Beyond Meat, Inc. - Common stock",NASDAQ,8.35,1275713
BZ,KANZHUN LIMITED - American Depository Shares,NASDAQ,14.11,9955595
BZH,"Beazer Homes USA, Inc. Common Stock",NYSE,33.37,658059
C,"Citigroup, Inc. Common Stock",NYSE,134.28,9596572
CADL,"Candel Therapeutics, Inc. - Common Stock",NASDAQ,11.02,1196427
CAE,CAE Inc - Common Shares,NASDAQ,24.86,972327
CAG,"ConAgra Brands, Inc. Common Stock",NYSE,14.32,10718968
CAH,"Cardinal Health, Inc. Common Stock",NYSE,220.22,1767268
CAI,"Caris Life Sciences, Inc. - Common Stock",NASDAQ,31.98,5545522
CAKE,The Cheesecake Factory Incorporated - Common Stock,NASDAQ,104.49,1401704
CAL,"Caleres, Inc. Common Stock",NYSE,12.52,606177
CALM,"Cal-Maine Foods, Inc. - Common Stock",NASDAQ,67.43,980181
CALX,"Calix, Inc Common Stock",NYSE,33.14,1052422
CALY,Callaway Golf Company Common Stock,NYSE,14.44,2013813
CAPR,"Capricor Therapeutics, Inc. - Common Stock",NASDAQ,8.36,4062368
CARG,"CarGurus, Inc. - Class A Common Stock",NASDAQ,31.3,1107704
CARR,Carrier Global Corporation Common Stock,NYSE,56.37,7009445
CARS,Cars.com Inc. Common Stock,NYSE,10.9,598250
CART,Maplebear Inc. - Common Stock,NASDAQ,43.19,3895786
CASY,"Caseys General Stores, Inc. - Common Stock",NASDAQ,598.46,719472
CAT,"Caterpillar, Inc. Common Stock",NYSE,821.58,2360122
CAVA,"CAVA Group, Inc. Common Stock",NYSE,51.58,3402150
CB,Chubb Limited  Common Stock,NYSE,333.37,1574345
CBC,"Central Bancompany, Inc. - Class A Common Stock",NASDAQ,32.06,1574522
CBIO,"Crescent Biopharma, Inc. - Common Stock",NASDAQ,13.99,511304
CBOE,"Cboe Global Markets, Inc. Common Stock",Cboe BZX,258.03,1017331
CBRE,CBRE Group Inc Common Stock Class A,NYSE,134.55,1884104
CBRL,"Cracker Barrel Old Country Store, Inc. - Common Stock",NASDAQ,51.81,1107790
CBRS,Cerebras Systems Inc. - Class A Common Stock,NASDAQ,206.75,5889104
CBSH,"Commerce Bancshares, Inc. - Common Stock",NASDAQ,56.44,1047790
CBZ,"CBIZ, Inc. Common Stock",NYSE,54.68,1062440
CC,Chemours Company (The) Common Stock,NYSE,14.46,1775813
CCC,CCC Intelligent Solutions Holdings Inc. - Common Stock,NASDAQ,6.9,11497372
CCEP,Coca-Cola Europacific Partners plc - Ordinary Shares,NASDAQ,101.73,1730236
CCI,Crown Castle Inc. Common Stock,NYSE,67.84,3334736
CCJ,Cameco Corporation Common Stock,NYSE,88.07,2908263
CCK,"Crown Holdings, Inc.",NYSE,108.06,962795
CCL,Carnival Corporation Ltd. Common Shares,NYSE,22.25,22184509
CCOI,"Cogent Communications Holdings, Inc. - Common Stock",NASDAQ,7.69,2151295
CCXI,Churchill Capital Corp XI - Class A Ordinary Shares,NASDAQ,12.43,1922890
CDE,"Coeur Mining, Inc. Common Stock",NYSE,19.22,34492268
CDNA,"CareDx, Inc. - Common Stock",NASDAQ,63.68,1276659
CDNL,Cardinal Infrastructure Group Inc. - Class A Common Stock,NASDAQ,28.02,576404
CDNS,"Cadence Design Systems, Inc. - Common Stock",NASDAQ,326.13,2655213
CDP,COPT Defense Properties Common Shares of Beneficial Interest,NYSE,33.88,886440
CDW,CDW Corporation - Common Stock,NASDAQ,135.43,1610718
CDZI,"Cadiz, Inc. - Common Stock",NASDAQ,3.65,874827
CE,Celanese Corporation Common Stock,NYSE,47.09,1894613
CECO,CECO Environmental Corp. - Common Stock,NASDAQ,73.5,708445
CEG,Constellation Energy Corporation - Common Stock When-Issued,NASDAQ,263.27,2791822
CELC,Celcuity Inc. - Common Stock,NASDAQ,79.52,845995
CELH,"Celsius Holdings, Inc. - Common Stock",NASDAQ,27.99,7288481
CENX,Century Aluminum Company - Common Stock,NASDAQ,38.39,1554663
CEPL,"Capstone Energy Plus, Inc. - Common Stock",NASDAQ,4.71,530309
CERT,"Certara, Inc. - Common Stock",NASDAQ,9.11,2297927
CEVA,"CEVA, Inc. - Common Stock",NASDAQ,36.2,620172
CF,"CF Industries Holdings, Inc. Common Stock",NYSE,114.67,2696004
CFFN,"Capitol Federal Financial, Inc. - Common Stock",NASDAQ,8.68,928831
CFG,"Citizens Financial Group, Inc. Common Stock",NYSE,65.53,3669472
CFR,"Cullen/Frost Bankers, Inc. Common Stock",NYSE,157.42,528868
CG,The Carlyle Group Inc. - Common Stock,NASDAQ,40.03,3234500
CGAU,Centerra Gold Inc. Common Shares,NYSE,22.56,1280259
CGEM,"Cullinan Therapeutics, Inc. - Common Stock",NASDAQ,14.81,1133804
CGNT,Cognyte Software Ltd. - Ordinary Shares,NASDAQ,8.52,706631
CGNX,Cognex Corporation - Common Stock,NASDAQ,58.66,1495540
CGON,"CG Oncology, Inc. - Common stock",NASDAQ,67.15,849740
CHA,"Chagee Holdings Limited - American Depositary Shares, each representing 1 Class A ordinary share",NASDAQ,11.41,1389095
CHD,"Church & Dwight Company, Inc. Common Stock",NYSE,96.38,1793290
CHDN,"Churchill Downs, Incorporated - Common Stock",NASDAQ,79.77,1053704
CHEF,"The Chefs' Warehouse, Inc. - Common Stock",NASDAQ,110.27,674845
CHH,"Choice Hotels International, Inc. Common Stock",NYSE,101.81,564631
CHKP,Check Point Software Technologies Ltd. - Ordinary Shares,NASDAQ,131.24,1186295
CHPT,"ChargePoint Holdings, Inc. Common Stock",NYSE,8.93,3968786
CHRD,Chord Energy Corporation - Common Stock,NASDAQ,136.27,704454
CHRW,"C.H. Robinson Worldwide, Inc. - Common Stock",NASDAQ,147.1,1431672
CHTR,"Charter Communications, Inc. - Class A Common Stock",NASDAQ,112.91,2928890
CHWY,"Chewy, Inc. Class A Common Stock",NYSE,18.27,10403345
CHYM,"Chime Financial, Inc. - Class A Common Stock",NASDAQ,26.78,7771345
CI,The Cigna Group Common Stock,NYSE,272.01,1479113
CIEN,Ciena Corporation Common Stock,NYSE,356.91,2675995
CIFR,Cipher Digital Inc. - Common Stock,NASDAQ,17.73,33828263
CIM,Chimera Investment Corporation Common Stock,NYSE,10.34,1146809
CINF,Cincinnati Financial Corporation - Common Stock,NASDAQ,162.54,614209
CL,Colgate-Palmolive Company Common Stock,NYSE,86.06,5195431
CLB,Core Laboratories Inc. Common Stock,NYSE,10.39,520172
CLBK,"Columbia Financial, Inc. - Common Stock",NASDAQ,11.33,4437268
CLBT,Cellebrite DI Ltd. - Ordinary Shares,NASDAQ,10.79,2640390
CLDX,"Celldex Therapeutics, Inc. - Common Stock",NASDAQ,31.1,1609690
CLF,Cleveland-Cliffs Inc. Common Stock,NYSE,12.18,12725763
CLGN,CollPlant Biotechnologies Ltd. - Ordinary Shares,NASDAQ,4.25,1007444
CLM,"Cornerstone Strategic Investment Fund, Inc. Common Shares",NYSE American,6.43,2239845
CLMT,"Calumet, Inc - Common Stock",NASDAQ,53.65,1441168
CLOV,"Clover Health Investments, Corp.  - Class A Common stock",NASDAQ,4.49,4146118
CLPT,ClearPoint Neuro Inc. - Common Stock,NASDAQ,14.83,576168
CLS,"Celestica, Inc. Common Stock",NYSE,365.44,2221872
CLSK,"CleanSpark, Inc. - Common Stock",NASDAQ,13.95,17385840
CLX,Clorox Company (The) Common Stock,NYSE,83.8,3451118
CLYM,"Climb Bio, Inc. - Common Stock",NASDAQ,11.66,1830645
CM,Canadian Imperial Bank of Commerce Common Stock,NYSE,113.6,1490636
CMBT,CMB.TECH NV Ordinary Shares,NYSE,19.01,1170518
CMC,Commercial Metals Company Common Stock,NYSE,65.73,1025968
CMCSA,Comcast Corporation - Class A Common Stock,NASDAQ,21.91,29608436
CME,CME Group Inc. - Class A Common Stock,NASDAQ,264.48,1927540
CMG,"Chipotle Mexican Grill, Inc. Common Stock",NYSE,31.33,12545400
CMI,Cummins Inc. Common Stock,NYSE,525.06,1140545
CMPS,COMPASS Pathways Plc - American Depository Shares,NASDAQ,13.06,2742286
CMRC,"Commerce.com, Inc. - Series 1 Common Stock",NASDAQ,3.26,1258659
CMS,CMS Energy Corporation Common Stock,NYSE,62.95,3208300
CNA,CNA Financial Corporation Common Stock,NYSE,45.98,565413
CNC,Centene Corporation Common Stock,NYSE,61.82,4737768
CNH,CNH Industrial N.V. Common Shares,NYSE,13.09,24182913
CNI,Canadian National Railway Company Common Stock,NYSE,120.93,1426354
CNK,"Cinemark Holdings Inc Cinemark Holdings, Inc. Common Stock",NYSE,37.77,2214372
CNM,"Core & Main, Inc. Class A Common Stock",NYSE,42.64,2901218
CNNE,"Cannae Holdings, Inc. Common Stock",NYSE,15.74,543650
CNO,"CNO Financial Group, Inc. Common Stock",NYSE,53.98,1163436
CNP,"CenterPoint Energy, Inc (Holding Co) Common Stock",NYSE,36.84,6517877
CNQ,Canadian Natural Resources Limited Common Stock,NYSE,47.41,6919640
CNR,"Core Natural Resources, Inc. Common Stock",NYSE,89.02,503300
CNX,CNX Resources Corporation Common Stock,NYSE,32.79,1896904
CNXC,Concentrix Corporation - Common Stock,NASDAQ,27.08,1724018
COAG,"Hemab Therapeutics Holdings, Inc. - Common Stock",NASDAQ,34.74,566213
COCO,"The Vita Coco Company, Inc. - Common Stock",NASDAQ,58.59,1487886
CODI,D/B/A Compass Diversified Holdings Shares of Beneficial Interest,NYSE,11.25,523640
COF,Capital One Financial Corporation Common Stock,NYSE,200.2,3483309
COGT,"Cogent Biosciences, Inc. - Common Stock",NASDAQ,32.31,1957313
COHR,Coherent Corp. Common Stock,NYSE,295.83,6149277
COHU,"Cohu, Inc. - Common Stock",NASDAQ,67.0,997281
COIN,"Coinbase Global, Inc. - Class A Common Stock",NASDAQ,195.11,9859222
COKE,"Coca-Cola Consolidated, Inc. - Common Stock",NASDAQ,190.29,563259
COLB,"Columbia Banking System, Inc. - Common Stock",NASDAQ,29.64,2906490
COLD,"Americold Realty Trust, Inc. Common Stock",NYSE,14.74,3557945
COLL,"Collegium Pharmaceutical, Inc. - Common Stock",NASDAQ,22.53,930722
COLM,Columbia Sportswear Company - Common Stock,NASDAQ,57.6,649418
COMP,"Compass, Inc. Class A Common Stock",NYSE,9.38,14216500
CON,"Concentra Group Holdings Parent, Inc. Common Stock",NYSE,35.01,924422
COO,"The Cooper Companies, Inc.  - Common Stock",NASDAQ,55.38,4645304
COP,ConocoPhillips Common Stock,NYSE,127.3,6795913
COR,"Cencora, Inc. Common Stock",NYSE,306.92,1225595
CORT,Corcept Therapeutics Incorporated - Common Stock,NASDAQ,116.1,1648804
CORZ,"Core Scientific, Inc. - Common Stock",NASDAQ,17.34,11336763
COST,Costco Wholesale Corporation - Common Stock,NASDAQ,922.77,2269127
COUR,"Coursera, Inc. Common Stock",NYSE,5.05,5379600
CP,Canadian Pacific Kansas City Limited Common Shares,NYSE,86.91,2166959
CPB,The Campbell's Company - Common Stock,NASDAQ,19.37,8471395
CPNG,"Coupang, Inc. Class A Common Stock",NYSE,13.88,15930640
CPOP,"Pop Culture Group Co., Ltd - Class A Ordinary Shares",NASDAQ,5.08,1152790
CPRI,Capri Holdings Limited Ordinary Shares,NYSE,15.1,5859036
CPRT,"Copart, Inc. - Common Stock",NASDAQ,27.59,9994031
CPT,Camden Property Trust Common Stock,NYSE,98.12,1079095
CRBG,Corebridge Financial Inc. Common Stock,NYSE,34.87,3992300
CRBP,"Corbus Pharmaceuticals Holdings, Inc. - Common Stock",NASDAQ,7.14,1258104
CRC,California Resources Corporation Common Stock,NYSE,52.51,899195
CRCL,"Circle Internet Group, Inc. Class A Common Stock",NYSE,89.0,15470200
CRCT,"Cricut, Inc. - Class A common stock",NASDAQ,6.14,687404
CRDO,Credo Technology Group Holding Ltd - Ordinary Shares,NASDAQ,210.97,9168454
CRF,"Cornerstone Total Return Fund, Inc. (The) Common Stock",NYSE American,6.19,1603040
CRGY,Crescent Energy Company Class A Common Stock,NYSE,13.15,6502422
CRH,CRH PLC Ordinary Shares,NYSE,85.04,4885409
CRI,"Carter's, Inc. Common Stock",NYSE,31.31,1575895
CRK,"Comstock Resources, Inc. Common Stock",NYSE,13.12,2986477
CRL,"Charles River Laboratories International, Inc. Common Stock",NYSE,292.84,973377
CRM,"Salesforce, Inc. Common Stock",NYSE,234.02,16486477
CRMD,CorMedix Inc. - Common Stock,NASDAQ,7.85,862186
CRML,Critical Metals Corp. - Ordinary Shares,NASDAQ,7.83,10492009
CRNC,Cerence Inc. - Common Stock,NASDAQ,7.95,611613
CRON,Cronos Group Inc. - Common Share,NASDAQ,3.34,918731
CROX,"Crocs, Inc. - Common Stock",NASDAQ,126.14,1118704
CRS,Carpenter Technology Corporation Common Stock,NYSE,396.84,831931
CRSP,CRISPR Therapeutics AG - Common Shares,NASDAQ,54.23,1564977
CRSR,"Corsair Gaming, Inc. - Common Stock",NASDAQ,13.66,1104977
CRUS,"Cirrus Logic, Inc. - Common Stock",NASDAQ,119.92,932936
CRVS,"Corvus Pharmaceuticals, Inc. - Common Stock",NASDAQ,11.62,1101359
CRWD,"CrowdStrike Holdings, Inc. - Class A Common Stock",NASDAQ,252.13,12813763
CRWV,"CoreWeave, Inc. - Class A Common Stock",NASDAQ,87.59,28027009
CSCO,"Cisco Systems, Inc. - Common Stock",NASDAQ,106.7,17574277
CSGP,"CoStar Group, Inc. - Common Stock",NASDAQ,28.09,7369545
CSIQ,Canadian Solar Inc. - Common Shares,NASDAQ,10.8,2079059
CSL,Carlisle Companies Incorporated Common Stock,NYSE,326.37,694804
CSQR,"Csquare, Inc. Common Stock",NYSE,17.01,1627309
CSTM,Constellium SE Ordinary Shares (France),NYSE,24.89,1460054
CSWC,Capital Southwest Corporation - Common Stock,NASDAQ,23.13,635804
CSX,CSX Corporation - Common Stock,NASDAQ,46.78,10479218
CTAS,Cintas Corporation - Common Stock,NASDAQ,199.91,2004936
CTKB,"Cytek Biosciences, Inc. - Common Stock",NASDAQ,5.65,1241809
CTNM,"Contineum Therapeutics, Inc. - Common stock",NASDAQ,12.56,532877
CTOS,"Custom Truck One Source, Inc. Common Stock",NYSE,9.45,953050
CTRE,"CareTrust REIT, Inc. Common Stock",NYSE,37.41,2078672
CTRI,"Centuri Holdings, Inc. Common Stock",NYSE,20.51,1638172
CTSH,Cognizant Technology Solutions Corporation - Class A Common Stock,NASDAQ,57.33,6128736
CTVA,"Corteva, Inc. Common Stock",NYSE,78.52,4856627
CUBE,CubeSmart Common Shares,NYSE,37.82,2680404
CURB,Curbline Properties Corp. Common Stock,NYSE,28.46,1488695
CURI,CuriosityStream Inc.  - Class A Common Stock,NASDAQ,3.1,838268
CURR,Currenc Group Inc. - Ordinary Shares,NASDAQ,3.0,653481
CUZ,Cousins Properties Incorporated Common Stock,NYSE,28.65,1439118
CVBF,CVB Financial Corporation - Common Stock,NASDAQ,22.53,1317763
CVE,Cenovus Energy Inc Common Stock,NYSE,30.93,6546131
CVI,CVR Energy Inc. Common Stock,NYSE,51.52,1209386
CVLT,"Commvault Systems, Inc. - Common Stock",NASDAQ,145.54,539327
CVNA,Carvana Co. Class A Common Stock,NYSE,65.06,6440345
CVS,CVS Health Corporation Common Stock,NYSE,89.13,7378436
CVX,Chevron Corporation Common Stock,NYSE,204.45,9869954
CWEN,"Clearway Energy, Inc. Class C Common Stock",NYSE,29.77,1225845
CWH,"Camping World Holdings, Inc. Class A Common Stock",NYSE,5.39,1821072
CWK,Cushman & Wakefield Ltd. Common Shares,NYSE,12.16,1777986
CX,"Cemex, S.A.B. de C.V. Sponsored ADR",NYSE,9.71,6258563
CXM,"Sprinklr, Inc. Class A Common Stock",NYSE,5.07,4296268
CXT,"Crane NXT, Co. Common Stock",NYSE,47.72,549618
CXW,"CoreCivic, Inc. Common Stock",NYSE,32.13,2028040
CYPH,Cypherpunk Technologies Inc. - Common Stock,NASDAQ,4.12,17133404
CYRX,"CryoPort, Inc. - Common Stock",NASDAQ,17.41,540236
CYTK,"Cytokinetics, Incorporated - Common Stock",NASDAQ,64.66,2027459
CZR,"Caesars Entertainment, Inc. - Common Stock",NASDAQ,29.59,4331445
D,"Dominion Energy, Inc. Common Stock",NYSE,60.68,5001450
DAIC,"CID HoldCo, Inc. - Common Stock",NASDAQ,3.2,10454990
DAKT,"Daktronics, Inc. - Common Stock",NASDAQ,17.02,764922
DAL,"Delta Air Lines, Inc. Common Stock",NYSE,84.94,6783022
DAN,Dana Incorporated Common Stock,NYSE,27.14,1453886
DAR,Darling Ingredients Inc. Common Stock,NYSE,61.29,2430686
DASH,"DoorDash, Inc. - Common Stock",NASDAQ,193.36,3940927
DB,Deutsche Bank AG Common Stock,NYSE,36.57,1958313
DBGI,"Digital Brands Group, Inc. - Common Stock",NASDAQ,4.73,1941390
DBI,Designer Brands Inc. Class A Common Stock,NYSE,6.13,795136
DBRG,"DigitalBridge Group, Inc.",NYSE,15.98,5639204
DBX,"Dropbox, Inc. - Class A Common Stock",NASDAQ,32.32,4616140
DC,Dakota Gold Corp. Common Stock,NYSE American,6.61,1507763
DCH,Dauch Corporation Common Stock,NYSE,5.46,3425622
DCI,"Donaldson Company, Inc. Common Stock",NYSE,87.41,717740
DCOY,Decoy Therapeutics Inc. - Common Stock,NASDAQ,3.09,6112827
DD,"DuPont de Nemours, Inc. Common Stock",NYSE,131.71,1173977
DDD,3D Systems Corporation Common Stock,NYSE,3.57,2269813
DDOG,"Datadog, Inc. - Class A Common Stock",NASDAQ,268.13,3735072
DE,Deere & Company Common Stock,NYSE,690.46,1321290
DEC,Diversified Energy Company Common Stock,NYSE,13.79,901904
DECK,Deckers Outdoor Corporation Common Stock,NYSE,78.67,3314504
DEI,"Douglas Emmett, Inc. Common Stock",NYSE,9.82,1952127
DELL,Dell Technologies Inc. Class C Common Stock,NYSE,562.89,10674259
DEO,Diageo plc Common Stock,NYSE,87.52,945686
DFDV,DeFi Development Corp. - Common Stock,NASDAQ,6.04,2595459
DFH,"Dream Finders Homes, Inc. Class A Common Stock",NYSE,11.3,930936
DFNS,T3 Defense Inc. - Common Stock,NASDAQ,7.79,644445
DFTX,"Definium Therapeutics, Inc.  - Common Shares",NASDAQ,36.17,2246436
DG,Dollar General Corporation Common Stock,NYSE,124.84,2827486
DGX,Quest Diagnostics Incorporated Common Stock,NYSE,236.32,1076900
DGXX,Digi Power X Inc. - Common Subordinate Voting Shares,NASDAQ,4.59,2285481
DHC,Diversified Healthcare Trust  - Common Shares of Beneficial Interest,NASDAQ,8.13,1863190
DHI,"D.R. Horton, Inc. Common Stock",NYSE,141.51,2574022
DHR,Danaher Corporation Common Stock,NYSE,224.49,3880686
DHT,"DHT Holdings, Inc.",NYSE,21.78,3961686
DINO,HF Sinclair Corporation Common Stock,NYSE,106.82,2841290
DIOD,Diodes Incorporated - Common Stock,NASDAQ,95.84,538436
DIS,Walt Disney Company (The) Common Stock,NYSE,106.15,8116827
DJT,Trump Media & Technology Group Corp. - Common Stock,NASDAQ,9.14,3201954
DK,"Delek US Holdings, Inc. Common Stock",NYSE,67.84,2745777
DKNG,DraftKings Inc. - Class A Common Stock,NASDAQ,22.02,12422422
DKS,Dick's Sporting Goods Inc Common Stock,NYSE,136.43,4045259
DLB,Dolby Laboratories Common Stock,NYSE,58.56,1078077
DLO,DLocal Limited - Class A Common Shares,NASDAQ,14.08,1692336
DLR,"Digital Realty Trust, Inc. Common Stock",NYSE,178.61,2062100
DLTR,"Dollar Tree, Inc. - Common Stock",NASDAQ,114.07,3034440
DMRA,"Damora Therapeutics, Inc. - Ordinary Shares",NASDAQ,20.66,744186
DNA,"Ginkgo Bioworks Holdings, Inc. Class A Common Stock",NYSE,10.66,1470404
DNLI,Denali Therapeutics Inc. - Common Stock,NASDAQ,20.39,1556150
DNOW,DNOW Inc. Common Stock,NYSE,15.93,2154136
DNP,"DNP Select Income Fund, Inc. Common Stock",NYSE,9.8,828177
DNTH,"Dianthus Therapeutics, Inc. - Common Stock",NASDAQ,88.55,794190
DOC,"Healthpeak Properties, Inc. Common Stock",NYSE,20.31,5016104
DOCN,"DigitalOcean Holdings, Inc. Common Stock",NYSE,139.75,2741595
DOCS,"Doximity, Inc. Class A Common Stock",NYSE,26.35,2666031
DOCU,"DocuSign, Inc. - Common Stock",NASDAQ,67.5,3829681
DOLE,Dole plc Ordinary Shares,NYSE,12.98,1040754
DOV,Dover Corporation Common Stock,NYSE,191.88,1380590
DOW,Dow Inc. Common Stock,NYSE,28.02,8758731
DOX,Amdocs Limited - Ordinary Shares,NASDAQ,57.71,1001586
DPC,DPC Holdings PLC Ordinary Shares,NYSE,41.03,1222254
DPRO,Draganfly Inc. - Common Shares,NASDAQ,5.35,1787572
DPZ,Domino's Pizza Inc - Common Stock,NASDAQ,292.14,851777
DQ,"DAQO New Energy Corp. American Depositary Shares, each representing five ordinary shares",NYSE,11.47,793513
DRH,Diamondrock Hospitality Company - Common Stock,NASDAQ,12.49,2880859
DRI,"Darden Restaurants, Inc. Common Stock",NYSE,199.75,1226809
DRS,"Leonardo DRS, Inc. - Common Stock",NASDAQ,37.16,1007168
DRTS,Alpha Tau Medical Ltd. - Ordinary Shares,NASDAQ,14.54,632277
DRVN,Driven Brands Holdings Inc. - Common Stock,NASDAQ,12.31,1186927
DSGN,"Design Therapeutics, Inc. - Common Stock",NASDAQ,12.12,774295
DSGX,The Descartes Systems Group Inc. - Common Stock,NASDAQ,78.61,800731
DSL,DoubleLine Income Solutions Fund Common Shares of Beneficial Interests,NYSE,10.02,641609
DT,"Dynatrace, Inc. Common Stock",NYSE,57.95,7056854
DTE,DTE Energy Company Common Stock,NYSE,121.44,1644859
DTM,"DT Midstream, Inc. Common Stock",NYSE,122.28,928836
DUK,Duke Energy Corporation (Holding Company) Common Stock,NYSE,113.35,3778677
DUOL,"Duolingo, Inc. - Class A Common Stock",NASDAQ,143.51,1137304
DUOT,"Duos Technologies Group, Inc. - Common Stock",NASDAQ,9.14,719104
DV,"DoubleVerify Holdings, Inc. Common Stock",NYSE,13.41,3415413
DVA,DaVita Inc. Common Stock,NYSE,178.47,705595
DVN,Devon Energy Corporation Common Stock,NYSE,47.05,12663868
DX,"Dynex Capital, Inc. Common Stock",NYSE,11.34,6139195
DXC,DXC Technology Company Common Stock,NYSE,10.65,2555795
DXCM,"DexCom, Inc. - Common Stock",NASDAQ,86.62,3955495
DXYZ,Destiny Tech100 Inc. Common Stock,NYSE,30.62,888045
DY,"Dycom Industries, Inc. Common Stock",NYSE,271.52,774995
DYN,"Dyne Therapeutics, Inc. - Common Stock",NASDAQ,16.03,3342040
EAF,GrafTech International Ltd. Common Stock,NYSE,11.09,663609
EAT,"Brinker International, Inc. Common Stock",NYSE,207.2,1397181
EBAY,eBay Inc. - Common Stock,NASDAQ,107.9,5143268
EBC,"Eastern Bankshares, Inc. - Common Stock",NASDAQ,21.42,2326413
EBS,Emergent BioSolutions Inc. Common Stock,NYSE,6.79,1197109
EC,Ecopetrol S.A. American Depositary Shares,NYSE,16.58,1615790
ECAT,BlackRock ESG Capital Allocation Term Trust Common Shares of Beneficial Interest,NYSE,14.07,573922
ECC,Eagle Point Credit Company Common Share of Beneficial Interest,NYSE,3.5,829627
ECHO,EchoStar Corporation - Common stock,NASDAQ,90.11,3034204
ECL,Ecolab Inc. Common Stock,NYSE,279.49,1212159
ECO,Okeanis Eco Tankers Corp. Common Stock,NYSE,77.9,765550
ECVT,Ecovyst Inc. Common Stock,NYSE,10.14,1288445
ED,"Consolidated Edison, Inc. Common Stock",NYSE,103.1,2009672
EDU,"New Oriental Education & Technology Group, Inc. Sponsored ADR representing 10 Ordinary Share (Cayman Islands)",NYSE,56.47,756468
EEFT,"Euronet Worldwide, Inc. - Common Stock",NASDAQ,65.61,597845
EFC,Ellington Financial Inc. Common Stock,NYSE,12.36,1278454
EFOR,"Everforth, Inc. Common Stock",NYSE,33.12,715204
EFX,"Equifax, Inc. Common Stock",NYSE,148.11,1459886
EFXT,Enerflex Ltd Common Shares,NYSE,23.57,509350
EGO,Eldorado Gold Corporation Ordinary Shares,NYSE,41.92,3082772
EGY,"VAALCO Energy, Inc.  Common Stock",NYSE,5.82,1359836
EH,EHang Holdings Limited - ADS,NASDAQ,4.51,638204
EHC,Encompass Health Corporation Common Stock,NYSE,123.47,885100
EIKN,"Eikon Therapeutics, Inc. - Common Stock",NASDAQ,7.92,620586
EIX,Edison International Common Stock,NYSE,52.65,7126786
EL,"Estee Lauder Companies, Inc. (The) Common Stock",NYSE,94.47,3097604
ELAN,Elanco Animal Health Incorporated Common Stock,NYSE,22.31,5347177
ELF,"e.l.f. Beauty, Inc. Common Stock",NYSE,99.51,1494877
ELMT,The Elmet Group Co. - Common Stock,NASDAQ,19.64,1175804
ELS,"Equity Lifestyle Properties, Inc. Common Stock",NYSE,59.23,1577913
ELV,"Elevance Health, Inc. Common Stock",NYSE,396.09,1164277
ELVN,"Enliven Therapeutics, Inc.  - Common Stock",NASDAQ,44.75,1383227
EMAT,Evolution Metals & Technologies Corp. - Common Stock,NASDAQ,3.2,1364777
EMBC,Embecta Corp. - Common Stock,NASDAQ,5.9,1245350
EMBJ,Embraer S.A. Common Stock,NYSE,78.63,1206495
EMN,Eastman Chemical Company Common Stock,NYSE,66.97,1081718
EMR,Emerson Electric Company Common Stock,NYSE,158.23,2206763
ENB,Enbridge Inc Common Stock,NYSE,46.74,5894968
ENIC,Enel Chile S.A. American Depositary Shares (Each representing 50 shares of Common Stock),NYSE,4.29,854145
ENOV,Enovis Corporation Common Stock,NYSE,18.46,2004113
ENPH,"Enphase Energy, Inc. - Common Stock",NASDAQ,32.4,4523650
ENR,"Energizer Holdings, Inc. Common Stock",NYSE,22.0,935081
ENS,EnerSys Common Stock,NYSE,178.89,556540
ENTG,"Entegris, Inc. - Common Stock",NASDAQ,151.89,2088136
EOG,"EOG Resources, Inc. Common Stock",NYSE,140.35,3350031
EOLS,"Evolus, Inc. - Common Stock",NASDAQ,7.97,838863
EOSE,"Eos Energy Enterprises, Inc. - Common Stock",NASDAQ,3.16,27404686
EPAM,"EPAM Systems, Inc. Common Stock",NYSE,108.23,1135395
EPC,Edgewell Personal Care Company Common Stock,NYSE,27.82,580895
EPD,Enterprise Products Partners L.P. Common Stock,NYSE,36.75,2618109
EPM,"Evolution Petroleum Corporation, Inc. Common Stock",NYSE American,3.52,589000
EPR,EPR Properties Common Stock,NYSE,56.83,880718
EPRT,"Essential Properties Realty Trust, Inc. Common Stock",NYSE,26.53,2211272
EPRX,Eupraxia Pharmaceuticals Inc. - Common Stock,NASDAQ,8.01,558777
EQH,"Equitable Holdings, Inc. Common Stock",NYSE,53.84,3174927
EQIX,"Equinix, Inc. - Common Stock",NASDAQ,1008.08,530745
EQNR,Equinor ASA,NYSE,42.19,3314836
EQPT,EquipmentShare.com Inc - Class A Common Stock,NASDAQ,17.35,3262945
EQT,EQT Corporation Common Stock,NYSE,50.81,7531413
EQX,Equinox Gold Corp. Common Shares,NYSE American,11.94,12833063
ERAS,"Erasca, Inc. - Common Stock",NASDAQ,14.25,4943259
ERIC,Ericsson - American Depositary Shares each representing 1 underlying Class B share,NASDAQ,9.53,8661390
ERII,"Energy Recovery, Inc. - Common Stock",NASDAQ,6.81,1067368
ERO,Ero Copper Corp. Common Shares,NYSE,37.87,1388077
EROC,"ERock, Inc. Class A Common Stock",NYSE,12.6,2534381
ES,Eversource Energy (D/B/A) Common Stock,NYSE,63.67,2311595
ESAB,ESAB Corporation Common Stock,NYSE,71.91,911031
ESI,Element Solutions Inc. Common Stock,NYSE,35.71,5533472
ESNT,Essent Group Ltd. Common Shares,NYSE,63.73,773300
ESRT,"Empire State Realty Trust, Inc. Class A Common Stock",NYSE,4.11,4337777
ESS,"Essex Property Trust, Inc. Common Stock",NYSE,271.61,595800
ESTC,Elastic N.V. Ordinary Shares,NYSE,88.12,2834986
ET,Energy Transfer LP Common Units,NYSE,20.19,8063181
ETD,Ethan Allen Interiors Inc. Common Stock,NYSE,21.29,656881
ETN,"Eaton Corporation, PLC Ordinary Shares",NYSE,439.98,2042386
ETOR,eToro Group Ltd. - Class A Common Shares,NASDAQ,26.39,1032909
ETR,Entergy Corporation Common Stock,NYSE,98.57,2870059
ETRA,"Electra Therapeutics, Inc. - Common stock",NASDAQ,11.55,1356033
ETSY,"Etsy, Inc. Common Stock",NYSE,68.44,3280940
EVC,Entravision Communications Corporation Common Stock,NYSE,7.41,1096236
EVER,"EverQuote, Inc. - Class A Common Stock",NASDAQ,18.64,860509
EVH,"Evolent Health, Inc Class A Common Stock",NYSE,3.61,2296422
EVLV,"Evolv Technologies Holdings, Inc. - Class A Common Stock",NASDAQ,4.79,2071295
EVMN,"Evommune, Inc. Common Stock",NYSE,8.49,737709
EVR,Evercore Inc. Class A Common Stock,NYSE,262.91,506445
EVRG,"Evergy, Inc. - Common Stock",NASDAQ,78.04,2192027
EVV,Eaton Vance Limited Duration Income Fund Common Shares of Beneficial Interest,NYSE American,8.42,543359
EW,Edwards Lifesciences Corporation Common Stock,NYSE,86.29,3266050
EWBC,"East West Bancorp, Inc. - Common Stock",NASDAQ,127.23,810177
EWTX,"Edgewise Therapeutics, Inc. - Common Stock",NASDAQ,39.34,1435000
EXC,Exelon Corporation - Common Stock,NASDAQ,40.34,7530990
EXE,Expand Energy Corporation - Common Stock,NASDAQ,86.84,3104781
EXEL,"Exelixis, Inc. - Common Stock",NASDAQ,58.16,2135400
EXK,Endeavour Silver Corporation Ordinary Shares (Canada),NYSE,9.39,8306186
EXLS,"ExlService Holdings, Inc. - Common Stock",NASDAQ,34.75,1933818
EXPD,"Expeditors International of Washington, Inc. Common Stock",NYSE,187.46,973759
EXPE,"Expedia Group, Inc. - Common Stock",NASDAQ,264.17,2271609
EXR,Extra Space Storage Inc Common Stock,NYSE,133.35,1457195
EXTR,"Extreme Networks, Inc. - Common Stock",NASDAQ,21.52,1367304
EYE,"National Vision Holdings, Inc. - Common Stock",NASDAQ,16.53,2367622
EYPT,"EyePoint, Inc. - Common Stock",NASDAQ,3.62,3748340
EZPW,"EZCORP, Inc. - Class A Non-Voting Common Stock",NASDAQ,31.16,740177
F,Ford Motor Company Common Stock,NYSE,12.71,47489627
FA,First Advantage Corporation - Common Stock,NASDAQ,19.6,1331931
FAF,First American Corporation (New) Common Stock,NYSE,66.27,867890
FANG,"Diamondback Energy, Inc. - Common Stock",NASDAQ,186.67,3183227
FAST,Fastenal Company - Common Stock,NASDAQ,50.43,6564740
FBIN,"Fortune Brands Innovations, Inc. Common Stock",NYSE,39.38,2152927
FBK,FB Financial Corporation Common Stock,NYSE,52.74,586909
FBP,First BanCorp. New Common Stock,NYSE,27.06,1390436
FBRT,"Franklin BSP Realty Trust, Inc. Common Stock",NYSE,6.97,2575622
FCEL,"FuelCell Energy, Inc. - Common Stock",NASDAQ,16.49,6624840
FCF,First Commonwealth Financial Corporation Common Stock,NYSE,20.91,931372
FCPT,"Four Corners Property Trust, Inc. Common Stock",NYSE,22.2,1117922
FCX,"Freeport-McMoRan, Inc. Common Stock",NYSE,72.31,12214986
FDMT,"4D Molecular Therapeutics, Inc. - Common Stock",NASDAQ,14.47,905677
FDS,FactSet Research Systems Inc. Common Stock,NYSE,273.08,845536
FDX,FedEx Corporation Common Stock,NYSE,285.85,1612418
FDXF,"FedEx Freight Holding Company, Inc. Common Stock",NYSE,113.18,1667727
FE,FirstEnergy Corp. Common Stock,NYSE,43.3,4114477
FER,Ferrovial N.V. - Ordinary Shares,NASDAQ,55.83,1428481
FERG,Ferguson Enterprises Inc. Common Stock,NYSE,222.74,1369200
FFBC,First Financial Bancorp. - Common Stock,NASDAQ,32.4,907509
FFIN,"First Financial Bankshares, Inc. - Common Stock",NASDAQ,32.45,745459
FFIV,"F5, Inc. - Common Stock",NASDAQ,443.06,541377
FG,"F&G Annuities & Life, Inc. Common Stock",NYSE,22.12,668045
FHB,"First Hawaiian, Inc. - Common Stock",NASDAQ,25.25,2042731
FHI,"Federated Hermes, Inc. Common Stock",NYSE,57.82,673990
FHN,First Horizon Corporation Common Stock,NYSE,23.46,4751318
FIBK,"First Interstate BancSystem, Inc. - Common Stock",NASDAQ,36.91,1168268
FIG,"Figma, Inc. Class A Common Stock",NYSE,20.85,15182659
FIGR,"Figure Technology Solutions, Inc. - Class A Common Stock",NASDAQ,31.9,4594945
FIGS,"FIGS, Inc. Class A Common Stock",NYSE,13.42,2570131
FINV,FinVolution Group American Depositary Shares,NYSE,3.11,1533381
FIP,FTAI Infrastructure Inc. - Common Stock,NASDAQ,3.12,1285104
FIS,"Fidelity National Information Services, Inc. Common Stock",NYSE,35.41,6099704
FISV,"Fiserv, Inc. - Common Stock",NASDAQ,46.48,7064154
FITB,Fifth Third Bancorp Common Stock,NYSE,52.1,5572604
FIVE,"Five Below, Inc. - Common Stock",NASDAQ,222.6,1301190
FIVN,"Five9, Inc. - Common Stock",NASDAQ,35.77,2169231
FJDI,ARC Group Securities Acquisition I - Class A Ordinary Shares,NASDAQ,9.85,537000
FLEX,Flex Ltd. - Ordinary Shares,NASDAQ,114.68,3304881
FLG,"Flagstar Bank, N.A. Common Stock",NYSE,12.37,4381018
FLNC,"Fluence Energy, Inc. - Class A Common Stock",NASDAQ,7.85,8238604
FLO,"Flowers Foods, Inc. Common Stock",NYSE,5.74,8211618
FLOC,Flowco Holdings Inc. Class A Common Stock,NYSE,19.14,565354
FLR,Fluor Corporation Common Stock,NYSE,50.38,2266672
FLS,Flowserve Corporation Common Stock,NYSE,73.82,1675463
FLUT,Flutter Entertainment plc Ordinary Shares,NYSE,83.23,2957540
FLY,Firefly Aerospace Inc. - Common Stock,NASDAQ,24.36,2792136
FLYW,Flywire Corporation - Voting Common Stock,NASDAQ,17.4,1337700
FMC,FMC Corporation Common Stock,NYSE,9.58,3648659
FMS,Fresenius Medical Care AG American Depositary Shares (Each representing 1/2 of an Ordinary Share),NYSE,22.69,686113
FN,Fabrinet Ordinary Shares,NYSE,417.39,792140
FNB,F.N.B. Corporation Common Stock,NYSE,17.64,4004368
FND,"Floor & Decor Holdings, Inc. Common Stock",NYSE,47.06,2522395
FNF,"Fidelity National Financial, Inc. Common Stock",NYSE,41.42,2549850
FNKO,"Funko, Inc. - Class A Common Stock",NASDAQ,5.5,1161168
FNV,Franco-Nevada Corporation,NYSE,257.87,741500
FORM,"FormFactor, Inc. - Common Stock",NASDAQ,129.69,1154036
FOSL,"Fossil Group, Inc. - Common Stock",NASDAQ,6.2,747750
FOUR,"Shift4 Payments, Inc. Class A Common Stock",NYSE,38.45,2057563
FOX,Fox Corporation - Class B Common Stock,NASDAQ,56.54,1286827
FOXA,Fox Corporation - Class A Common Stock,NASDAQ,63.07,5114168
FPI,Farmland Partners Inc. Common Stock,NYSE,10.86,630277
FPS,"Forgent Power Solutions, Inc. Class A Common Stock",NYSE,38.97,9833572
FR,"First Industrial Realty Trust, Inc. Common Stock",NYSE,61.17,953381
FRMI,Fermi Inc. - Common Stock,NASDAQ,4.52,17009781
FRNM,"Freenome, Inc. - Common stock",NASDAQ,15.99,982854
FRO,Frontline Plc Ordinary Shares,NYSE,47.73,3792804
FROG,JFrog Ltd. - Ordinary shares,NASDAQ,89.18,1929472
FRPT,"Freshpet, Inc. - Common Stock",NASDAQ,57.91,1089409
FRSH,Freshworks Inc. - Class A Common Stock,NASDAQ,12.54,4293181
FRT,Federal Realty Investment Trust Common Stock,NYSE,110.52,847936
FRVO,Fervo Energy Company - Class A common stock,NASDAQ,15.18,7771168
FSCO,FS Credit Opportunities Corp. Common Stock,NYSE,5.11,918763
FSK,FS KKR Capital Corp. Common Stock,NYSE,11.25,1619545
FSLR,"First Solar, Inc. - Common Stock",NASDAQ,177.71,2337240
FSLY,"Fastly, Inc. - Class A Common Stock",NASDAQ,24.96,7744190
FSM,Fortuna Mining Corp. Common Shares,NYSE,11.69,4446659
FTAI,FTAI Aviation Ltd. - Common Stock,NASDAQ,175.06,1379904
FTDR,"Frontdoor, Inc. - Common Stock",NASDAQ,73.99,552213
FTFT,Future FinTech Group Inc. - Common Stock,NASDAQ,4.38,14998938
FTI,TechnipFMC plc Ordinary Share,NYSE,70.99,2927227
FTNT,"Fortinet, Inc. - Common Stock",NASDAQ,173.46,4549736
FTRE,Fortrea Holdings Inc. - Common Stock,NASDAQ,19.89,1396304
FTS,Fortis Inc. Common Shares,NYSE,53.09,739886
FTV,Fortive Corporation Common Stock,NYSE,56.09,2292981
FUBO,FuboTV Inc. Class A Common Stock,NYSE,9.64,1240200
FUL,H. B. Fuller Company Common Stock,NYSE,50.06,790845
FULC,"Fulcrum Therapeutics, Inc. - Common Stock",NASDAQ,3.74,1398645
FULT,Fulton Financial Corporation - Common Stock,NASDAQ,23.23,1614095
FUN,Six Flags Entertainment Corporation Common Stock New,NYSE,12.32,2017659
FUTU,Futu Holdings Limited - American Depositary Shares,NASDAQ,111.87,894013
FVRR,"Fiverr International Ltd. Ordinary Shares, no par value",NYSE,8.55,512259
FWDI,"Forward Industries, Inc. - Common Stock",NASDAQ,8.42,2447154
FWONK,Liberty Media Corporation - Series C Common Stock,NASDAQ,94.61,2202336
FWRD,Forward Air Corporation - Common Stock,NASDAQ,14.69,554213
FWRG,"First Watch Restaurant Group, Inc. - Common Stock",NASDAQ,10.14,1175963
G,Genpact Limited Common Stock,NYSE,33.1,1993750
GAB,"Gabelli Equity Trust, Inc. (The) Common Stock",NYSE,5.32,999272
GAP,"Gap, Inc. (The) Common Stock",NYSE,21.82,8644995
GBCI,"Glacier Bancorp, Inc. Common Stock",NYSE,44.75,1001804
GBDC,"Golub Capital BDC, Inc. - Closed End Fund",NASDAQ,12.46,1286554
GBTG,"Global Business Travel Group, Inc. Class A Common Stock",NYSE,9.5,2256345
GCMG,GCM Grosvenor Inc. - Class A Common Stock,NASDAQ,13.04,501204
GCT,GigaCloud Technology Inc - Class A Ordinary Shares,NASDAQ,53.98,645295
GD,General Dynamics Corporation Common Stock,NYSE,336.72,1192613
GDDY,GoDaddy Inc. Class A Common Stock,NYSE,97.14,2661390
GDRX,"GoodRx Holdings, Inc. - Class A Common Stock",NASDAQ,3.35,1096927
GDS,GDS Holdings Limited - American Depositary Shares,NASDAQ,32.77,1115140
GDYN,"Grid Dynamics Holdings, Inc. - Class A Common Stock",NASDAQ,7.75,947536
GE,GE Aerospace Common Stock,NYSE,327.09,4198650
GEHC,GE HealthCare Technologies Inc. - Common Stock,NASDAQ,66.63,3427859
GEMI,"Gemini Space Station, Inc. - Class A Common Stock",NASDAQ,5.54,2877004
GEN,Gen Digital Inc. - Common Stock,NASDAQ,21.62,9157240
GENB,"Generate Biomedicines, Inc. - Common Stock",NASDAQ,15.15,1481377
GENI,Genius Sports Limited Ordinary Shares,NYSE,6.44,6784200
GEO,Geo Group Inc (The) REIT,NYSE,31.22,2291550
GEV,GE Vernova Inc. Common Stock,NYSE,957.63,2218027
GFI,Gold Fields Limited American Depositary Shares,NYSE,40.38,3449636
GFL,"GFL Environmental Inc. Subordinate voting shares, no par value",NYSE,42.27,2889927
GFR,Greenfire Resources Ltd. Common Shares,NYSE,5.87,1549672
GFS,GlobalFoundries Inc. - Ordinary Share,NASDAQ,49.0,4148763
GGAL,"Grupo Financiero Galicia S.A. - American Depositary Shares, Class B Shares underlying",NASDAQ,38.74,720536
GGB,Gerdau S.A. Common Stock,NYSE,4.85,11229181
GGG,Graco Inc. Common Stock,NYSE,77.86,2497045
GH,"Guardant Health, Inc. - Common Stock",NASDAQ,177.25,1869695
GIII,"G-III Apparel Group, LTD. - Common Stock",NASDAQ,27.12,896531
GIL,"Gildan Activewear, Inc. Class A Sub. Vot. Common Stock",NYSE,40.98,1531113
GILD,"Gilead Sciences, Inc. - Common Stock",NASDAQ,150.93,5830177
GIS,"General Mills, Inc. Common Stock",NYSE,33.64,9936472
GKOS,Glaukos Corporation Common Stock,NYSE,154.43,756359
GLAS,Glass House Brands Inc. Subordinate Voting Shares,NYSE,6.8,842177
GLBE,Global-E Online Ltd. - ordinary shares,NASDAQ,40.17,1494850
GLND,Greenland Energy Company - Common Stock,NASDAQ,5.54,27951640
GLNG,Golar LNG Limited - Common Shares,NASDAQ,49.61,1340213
GLOB,Globant S.A. Common Shares,NYSE,34.5,993890
GLOO,"Gloo Holdings, Inc. - Common Stock",NASDAQ,4.77,1160613
GLPI,"Gaming and Leisure Properties, Inc. - Common Stock",NASDAQ,38.79,4380468
GLUE,"Monte Rosa Therapeutics, Inc. - Common Stock",NASDAQ,11.77,1157027
GLW,Corning Incorporated Common Stock,NYSE,156.74,8560381
GLXY,Galaxy Digital Inc. - Class A common stock,NASDAQ,24.24,5087290
GM,General Motors Company Common Stock,NYSE,82.63,7288195
GMAB,Genmab A/S - American Depositary Shares,NASDAQ,35.32,2050090
GME,GameStop Corporation Common Stock,NYSE,23.39,9318740
GMED,"Globus Medical, Inc. Class A Common Stock",NYSE,74.52,1458313
GMEX,GMEX ROBOTICS CORPORATION - Class A Ordinary Shares,NASDAQ,3.29,869046
GMRS,GMR Solutions Inc. Class A Common Stock,NYSE,11.06,994786
GNK,Genco Shipping & Trading Limited Ordinary Shares New (Marshall Islands),NYSE,26.09,654340
GNL,"Global Net Lease, Inc. Common Stock",NYSE,8.55,2195031
GNRC,Generac Holdlings Inc. Common Stock,NYSE,208.14,1504518
GNTX,Gentex Corporation - Common Stock,NASDAQ,22.58,2308250
GNW,Genworth Financial Inc Common Stock,NYSE,9.43,4364240
GO,Grocery Outlet Holding Corp. - Common Stock,NASDAQ,11.07,2308386
GOF,Guggenheim Strategic Opportunities Fund Common Shares of Beneficial Interest,NYSE,8.55,3030927
GOLD,"Gold.com, Inc. Common Stock",NYSE,43.95,743281
GOOG,Alphabet Inc. - Class C Capital Stock,NASDAQ,341.08,17517354
GOOGL,Alphabet Inc. - Class A Common Stock,NASDAQ,343.92,26450554
GOOGM,Alphabet Inc. - Depositary Shares representing a 1/20th Interest in a Share of Series A Mandatory Convertible Preferred Stock,NASDAQ,48.9,2002904
GOOGN,Alphabet Inc. - Depositary Shares representing a 1/20th Interest in a Share of Series B Mandatory Convertible Preferred Stock,NASDAQ,48.67,1342395
GOOS,Canada Goose Holdings Inc. Subordinate Voting Shares,NYSE,7.61,820136
GORO,Goldgroup Mining Inc. Common Shares,NYSE American,3.5,1610840
GPC,Genuine Parts Company Common Stock,NYSE,129.61,1019209
GPCR,Structure Therapeutics Inc. - American Depositary Shares,NASDAQ,35.93,1232522
GPGI,"GPGI, Inc. Class A Common Stock",NYSE,11.61,1749531
GPK,Graphic Packaging Holding Company,NYSE,9.38,6365963
GPN,Global Payments Inc. Common Stock,NYSE,86.49,2477581
GPRE,"Green Plains, Inc. - Common Stock",NASDAQ,14.92,1769009
GPRK,Geopark Ltd Common Shares,NYSE,11.2,1224631
GRAB,Grab Holdings Limited - Class A Ordinary Shares,NASDAQ,3.13,68281395
GRAL,"GRAIL, Inc. - Common Stock",NASDAQ,126.89,1222190
GRDN,"Guardian Pharmacy Services, Inc. Class A Common Stock",NYSE,41.21,681877
GRFS,"Grifols, S.A. - American Depositary Shares",NASDAQ,7.35,592086
GRML,Greenland Mines Ltd - Common Stock,NASDAQ,14.66,20676845
GRMN,Garmin Ltd. Common Stock (Switzerland),NYSE,294.14,836000
GRND,Grindr Inc. Common Stock,NYSE,15.77,1269550
GRNT,"Granite Ridge Resources, Inc. Common Stock",NYSE,4.44,1673500
GROY,Gold Royalty Corp. Common Shares,NYSE American,3.16,1813781
GRPN,"Groupon, Inc. - Common Stock",NASDAQ,21.3,1148981
GRRR,Gorilla Technology Group Inc. - Ordinary shares,NASDAQ,14.01,728340
GS,"Goldman Sachs Group, Inc. (The) Common Stock",NYSE,935.45,2021422
GSAT,"Globalstar, Inc. - Common Stock",NASDAQ,82.88,594636
GSBD,"Goldman Sachs BDC, Inc. Common Stock",NYSE,9.54,797722
GSK,GSK plc American Depositary Shares (Each representing two Ordinary Shares),NYSE,49.24,2890390
GSM,Ferroglobe PLC - Ordinary Shares,NASDAQ,4.07,1186450
GT,The Goodyear Tire & Rubber Company - Common Stock,NASDAQ,5.13,9659554
GTE,Gran Tierra Energy Inc. Common Stock,NYSE American,9.62,571072
GTES,Gates Industrial Corporation Ltd. Common Shares,NYSE,26.86,1830881
GTLB,GitLab Inc. - Class A Common Stock,NASDAQ,46.85,5769718
GTM,ZoomInfo Technologies Inc. - Common Stock,NASDAQ,3.75,5308613
GTN,"Gray Media, Inc. Common Stock",NYSE,4.58,961495
GTX,Garrett Motion Inc. - Common Stock,NASDAQ,25.72,2809359
GTY,Getty Realty Corporation Common Stock,NYSE,28.66,666427
GVA,Granite Construction Incorporated Common Stock,NYSE,115.08,523800
GWRE,"Guidewire Software, Inc. Common Stock",NYSE,145.56,1620186
GXO,"GXO Logistics, Inc. Common Stock",NYSE,45.2,1312600
H,Hyatt Hotels Corporation Class A Common Stock,NYSE,158.48,769436
HAE,Haemonetics Corporation Common Stock,NYSE,105.3,602663
HAFN,Hafnia Limited Common Shares,NYSE,8.92,2734027
HAL,Halliburton Company Common Stock,NYSE,32.76,11030663
HALO,"Halozyme Therapeutics, Inc. - Common Stock",NASDAQ,113.9,2182404
HAPN,"Happen, Inc. - Common Stock",NASDAQ,15.03,1344609
HAS,"Hasbro, Inc. - Common Stock",NASDAQ,88.09,1535013
HASI,"HA Sustainable Infrastructure Capital, Inc. Common Stock",NYSE,36.44,1165045
HAWK,"HawkEye 360, Inc. Common Stock",NYSE,16.1,1446140
HAYW,"Hayward Holdings, Inc. Common Stock",NYSE,12.63,3358072
HBAN,Huntington Bancshares Incorporated - Common Stock,NASDAQ,15.64,28823531
HBM,Hudbay Minerals Inc. Ordinary Shares (Canada),NYSE,26.63,3824836
HBNC,"Horizon Bancorp, Inc. - Common Stock",NASDAQ,19.28,506518
HCA,"HCA Healthcare, Inc. Common Stock",NYSE,435.61,1510759
HCC,"Warrior Met Coal, Inc. Common Stock",NYSE,89.51,615590
HCSG,"Healthcare Services Group, Inc. - Common Stock",NASDAQ,21.05,653918
HD,"Home Depot, Inc. (The) Common Stock",NYSE,293.2,4449309
HDB,HDFC Bank Limited Common Stock,NYSE,23.01,11652831
HE,"Hawaiian Electric Industries, Inc. Common Stock",NYSE,9.1,2812668
HEI,Heico Corporation Common Stock,NYSE,308.53,540190
HELP,Cybin Inc. - Common Stock,NASDAQ,12.61,1766495
HESM,Hess Midstream LP Class A Representing Limited Partner Interests,NYSE,38.25,1370886
HGTY,"Hagerty, Inc. Class A Common Stock",NYSE,13.59,594713
HGV,Hilton Grand Vacations Inc. Common Stock,NYSE,35.77,1040390
HHH,Howard Hughes Holdings Inc. Common Stock,NYSE,68.43,692545
HIG,"The Hartford Insurance Group, Inc. Common Stock",NYSE,124.23,1583118
HIMS,"Hims & Hers Health, Inc. Class A Common Stock",NYSE,29.42,9886540
HIMX,"Himax Technologies, Inc. - American depositary shares, each of which represents two ordinary shares.",NASDAQ,14.44,929231
HIO,"Western Asset High Income Opportunity Fund, Inc. Common Stock",NYSE,3.28,524390
HIVE,HIVE Digital Technologies Ltd - Common Shares,NASDAQ,3.16,13553004
HIW,"Highwoods Properties, Inc. Common Stock",NYSE,30.09,1153000
HL,Hecla Mining Company Common Stock,NYSE,18.19,35293445
HLF,Herbalife Ltd. Common Shares,NYSE,12.55,1756877
HLI,"Houlihan Lokey, Inc. Class A Common Stock",NYSE,129.07,852772
HLIT,Harmonic Inc. - Common Stock,NASDAQ,11.01,1409713
HLMN,Hillman Solutions Corp. - Common Stock,NASDAQ,7.05,1849950
HLN,Haleon plc American Depositary Shares (Each representing two Ordinary Shares),NYSE,9.26,18424663
HLNE,Hamilton Lane Incorporated - Class A Common Stock,NASDAQ,86.21,619740
HLT,Hilton Worldwide Holdings Inc. Common Stock,NYSE,313.96,1687740
HMC,"Honda Motor Company, Ltd. Common Stock",NYSE,32.93,833659
HMY,Harmony Gold Mining Company Limited,NYSE,18.97,4428886
HNGE,"Hinge Health, Inc. Class A Common Stock",NYSE,95.57,1956454
HNI,HNI Corporation Common Stock,NYSE,47.21,587109
HNRG,Hallador Energy Company - Common Stock,NASDAQ,14.72,664968
HNST,"The Honest Company, Inc. - Common Stock",NASDAQ,5.29,2094927
HOG,"Harley-Davidson, Inc. Common Stock",NYSE,25.45,1706986
HOMB,"Home BancShares, Inc. Common Stock",NYSE,29.19,1549590
HON,Honeywell International Inc. - Common Stock,NASDAQ,212.55,3155800
HONA,Honeywell Aerospace Inc. - Common Stock,NASDAQ,158.78,4101877
HOOD,"Robinhood Markets, Inc. - Class A Common Stock",NASDAQ,119.4,22216163
HOPE,"Hope Bancorp, Inc. - Common Stock",NASDAQ,13.83,857809
HOS,"Hornbeck Offshore Services, Inc. Common Stock",NYSE,8.19,2561613
HP,"Helmerich & Payne, Inc. Common Stock",NYSE,38.57,1320886
HPE,Hewlett Packard Enterprise Company Common Stock,NYSE,62.94,26760395
HPP,"Hudson Pacific Properties, Inc. Common Stock",NYSE,11.65,609300
HPQ,HP Inc. Common Stock,NYSE,31.3,18065009
HQY,"HealthEquity, Inc. - Common Stock",NASDAQ,88.25,1015463
HR,Healthcare Realty Trust Incorporated Common Stock,NYSE,18.05,3892704
HRB,"H&R Block, Inc. Common Stock",NYSE,42.19,1892877
HRI,Herc Holdings Inc. Common Stock,NYSE,135.36,843927
HRL,Hormel Foods Corporation Common Stock,NYSE,19.71,5835954
HRMY,"Harmony Biosciences Holdings, Inc. - Common Stock",NASDAQ,41.26,1057622
HROW,"Harrow, Inc. - Common Stock",NASDAQ,33.07,539009
HRZN,Horizon Technology Finance Corporation - Common Stock,NASDAQ,4.63,645700
HSAI,Hesai Group - American Depositary Share,NASDAQ,16.25,1379345
HSBC,"HSBC Holdings, plc. Common Stock",NYSE,100.95,1322963
HSIC,"Henry Schein, Inc. - Common Stock",NASDAQ,86.37,1083486
HSLV,Highlander Silver Corp. Common Shares,NYSE American,5.34,664631
HST,"Host Hotels & Resorts, Inc. - Common Stock",NASDAQ,22.42,8064786
HSY,The Hershey Company Common Stock,NYSE,166.37,1377618
HTFL,"Heartflow, Inc. - Common Stock",NASDAQ,49.17,2002281
HTGC,"Hercules Capital, Inc. Common Stock",NYSE,16.97,1375931
HTHT,H World Group Limited - American Depositary Shares,NASDAQ,42.0,1394686
HTLD,"Heartland Express, Inc. - Common Stock",NASDAQ,11.3,744313
HUBG,"Hub Group, Inc. - Class A Common Stock",NASDAQ,30.34,1282281
HUBS,"HubSpot, Inc. Common Stock",NYSE,213.74,1657872
HUCK,"Huckleberry.ai, Inc. - Class B Common Stock",NASDAQ,3.37,1512536
HUM,Humana Inc. Common Stock,NYSE,397.93,963918
HUN,Huntsman Corporation Common Stock,NYSE,8.9,2424490
HUT,Hut 8 Corp. - Common Stock,NASDAQ,96.82,4543913
HWC,Hancock Whitney Corporation - Common Stock,NASDAQ,73.85,783695
HWM,Howmet Aerospace Inc. Common Stock,NYSE,232.48,3909363
HXL,Hexcel Corporation Common Stock,NYSE,85.8,819354
HYLN,Hyliion Holdings Corp. Class A Common Stock,NYSE American,4.22,1862654
HYMC,Hycroft Mining Holding Corporation - Class A Common Stock,NASDAQ,21.48,2106509
HYPD,"Hyperion DeFi, Inc. - Common Stock",NASDAQ,4.04,609159
HYT,"Blackrock Corporate High Yield Fund, Inc. Common Stock",NYSE,7.79,1028668
HZO,"MarineMax, Inc.  (FL) Common Stock",NYSE,52.44,783727
IAG,Iamgold Corporation Ordinary Shares,NYSE,19.7,5305159
IART,Integra LifeSciences Holdings Corporation - Common Stock,NASDAQ,16.12,871650
IBKR,"Interactive Brokers Group, Inc. - Class A Common Stock",NASDAQ,89.24,3781931
IBM,International Business Machines Corporation Common Stock,NYSE,225.51,5494022
IBN,ICICI Bank Limited Common Stock,NYSE,27.92,4728118
IBRX,"ImmunityBio, Inc. - Common Stock",NASDAQ,8.44,10243736
ICE,Intercontinental Exchange Inc. Common Stock,NYSE,154.31,3146795
ICHR,Ichor Holdings - Ordinary Shares,NASDAQ,57.94,670913
ICL,ICL Group Ltd. Ordinary Shares,NYSE,5.14,1205527
ICLR,ICON plc - Ordinary Shares,NASDAQ,172.33,924645
IDA,"IDACORP, Inc. Common Stock",NYSE,129.78,549995
IDYA,"IDEAYA Biosciences, Inc. - Common Stock",NASDAQ,36.69,817100
IE,Ivanhoe Electric Inc. Common Stock,NYSE American,10.56,2243190
IEP,Icahn Enterprises L.P. - Depositary Units representing Limited Partner Interests,NASDAQ,6.96,720318
IEX,IDEX Corporation Common Stock,NYSE,230.08,559109
IFF,"International Flavors & Fragrances, Inc. Common Stock",NYSE,85.69,1650240
IHS,IHS Holding Limited Ordinary Shares,NYSE,8.43,1072800
IIIV,"i3 Verticals, Inc. - Common Stock",NASDAQ,14.88,615254
ILMN,"Illumina, Inc. - Common Stock",NASDAQ,270.0,3768704
IMAX,Imax Corporation Common Stock,NYSE,56.05,914409
IMMX,"Immix Biopharma, Inc. - Common Stock",NASDAQ,10.97,1433950
IMNM,"Immunome, Inc. - Common Stock",NASDAQ,21.41,1237986
IMO,Imperial Oil Limited Common Stock,NYSE American,122.86,626454
IMPP,Imperial Petroleum Inc. - Common Shares,NASDAQ,5.07,544081
IMRX,Immuneering Corporation - Class A Common Stock,NASDAQ,4.27,708936
IMSR,Terrestrial Energy Inc. - Common Stock,NASDAQ,4.3,1359595
IMTX,Immatics N.V. - Ordinary Shares,NASDAQ,8.37,664881
IMVT,"Immunovant, Inc.  - Common Stock",NASDAQ,33.3,1484650
IMXI,"International Money Express, Inc. - Common Stock",NASDAQ,11.25,541995
INCY,Incyte Corporation - Common Stock,NASDAQ,123.89,1442218
INDI,"indie Semiconductor, Inc. - Class A Common Stock",NASDAQ,3.02,4868154
INDP,"Indaptus Therapeutics, Inc. - Common Stock",NASDAQ,3.85,1412595
INDV,"Indivior Pharmaceuticals, Inc.  - Common Stock",NASDAQ,35.82,2033563
INFQ,"Infleqtion, Inc. Common Stock",NYSE,14.51,8471540
INFY,Infosys Limited American Depositary Shares,NYSE,10.5,15253968
ING,"ING Group, N.V. Common Stock",NYSE,36.55,1769013
INGM,Ingram Micro Holding Corporation Common Stock,NYSE,26.98,2414850
INGR,Ingredion Incorporated Common Stock,NYSE,96.72,623327
INIO,INNIO N.V. - Ordinary Shares,NASDAQ,19.12,5344709
INLF,INLIF LIMITED - Class A Ordinary shares,NASDAQ,5.1,2712568
INMD,InMode Ltd.  - Ordinary Shares,NASDAQ,14.26,517527
INN,"Summit Hotel Properties, Inc. Common Stock",NYSE,5.74,853631
INNV,InnovAge Holding Corp. - Common Stock,NASDAQ,9.0,661909
INOD,Innodata Inc. - Common Stock,NASDAQ,69.21,1372677
INSM,Insmed Incorporated - Common Stock,NASDAQ,117.83,2078904
INSP,"Inspire Medical Systems, Inc. Common Stock",NYSE,70.5,785568
INSW,"International Seaways, Inc. Common Stock",NYSE,105.64,775745
INTA,"Intapp, Inc. - Common Stock",NASDAQ,36.1,599290
INTC,Intel Corporation - Common Stock,NASDAQ,123.0,104105904
INTR,Inter & Co. Inc. - Class A Common Shares,NASDAQ,5.11,3881359
INTU,Intuit Inc. - Common Stock,NASDAQ,275.79,4015168
INVA,"Innoviva, Inc. - Common Stock",NASDAQ,20.74,972218
INVH,Invitation Homes Inc. Common Stock,NYSE,26.62,5387009
INVX,"Innovex International, Inc. Common Stock",NYSE,28.5,860763
IOND,Ionic Digital Inc. - Class A Common Stock,NASDAQ,81.98,774863
IONQ,"IonQ, Inc. Common Stock",NYSE,45.48,23097777
IONS,"Ionis Pharmaceuticals, Inc. - Common Stock",NASDAQ,44.5,4225118
IOT,Samsara Inc. Class A Common Stock,NYSE,37.96,7656163
IOVA,"Iovance Biotherapeutics, Inc. - Common Stock",NASDAQ,11.0,13281004
IP,International Paper Company Common Stock,NYSE,35.02,5074313
IPDN,"Professional Diversity Network, Inc. - Common Stock",NASDAQ,4.5,28811276
IPHXU,Inflection Point Acquisition Corp. VIII - Unit,NASDAQ,10.08,583550
IQV,"IQVIA Holdings, Inc. Common Stock",NYSE,270.37,1597345
IR,Ingersoll Rand Inc. Common Stock,NYSE,76.08,4334400
IRD,"Opus Genetics, Inc. - Common Stock",NASDAQ,4.76,4836331
IRDM,Iridium Communications Inc - Common Stock,NASDAQ,48.75,1032581
IREN,IREN Limited - Ordinary Shares,NASDAQ,44.12,40401500
IRM,Iron Mountain Incorporated (Delaware)Common Stock REIT,NYSE,111.38,1667472
IRON,"Disc Medicine, Inc. - Common Stock",NASDAQ,65.24,556086
IRT,"Independence Realty Trust, Inc. Common Stock",NYSE,14.63,3661931
IRTC,"iRhythm Holdings, Inc.  - Common Stock",NASDAQ,110.38,542172
IRWD,"Ironwood Pharmaceuticals, Inc. - Class A Common Stock",NASDAQ,4.13,1937518
ISRG,"Intuitive Surgical, Inc. - Common Stock",NASDAQ,405.18,2349677
IT,"Gartner, Inc. Common Stock",NYSE,187.9,1077718
ITGR,Integer Holdings Corporation Common Stock,NYSE,126.34,726690
ITRI,"Itron, Inc. - Common Stock",NASDAQ,89.75,538750
ITT,ITT Inc. Common Stock,NYSE,206.26,803304
ITUB,Itau Unibanco Banco Holding SA American Depositary Shares (Each repstg 500 Preferred shares),NYSE,8.11,21594240
ITW,Illinois Tool Works Inc. Common Stock,NYSE,274.32,1222181
IVA,Inventiva S.A. - American Depository Shares,NASDAQ,3.37,1568154
IVR,INVESCO MORTGAGE CAPITAL INC Common Stock,NYSE,6.41,3057268
IVT,InvenTrust Properties Corp. Common Stock,NYSE,30.53,627572
IVZ,Invesco Ltd Common Stock,NYSE,30.92,4138504
J,Jacobs Solutions Inc. Common Stock,NYSE,138.37,791550
JACK,Jack In The Box Inc. - Common Stock,NASDAQ,13.46,543768
JAGX,"Jaguar Health, Inc. - Common Stock",NASDAQ,7.7,3320621
JAN,"Janus Living, Inc. Class A-1 Common Stock",NYSE,30.05,1793609
JANX,"Janux Therapeutics, Inc. - Common Stock",NASDAQ,16.3,984150
JAZZ,Jazz Pharmaceuticals plc - Ordinary Shares,NASDAQ,237.95,1042681
JBGS,JBG SMITH Properties Common Shares,NYSE,10.53,1068163
JBHT,"J.B. Hunt Transport Services, Inc. - Common Stock",NASDAQ,225.46,1147745
JBI,"Janus International Group, Inc. Common Stock",NYSE,4.21,2329404
JBIO,"Jade Biosciences, Inc. - Common Stock",NASDAQ,14.42,958745
JBL,Jabil Inc. Common Stock,NYSE,316.74,1092231
JBLU,JetBlue Airways Corporation - Common Stock,NASDAQ,4.4,18821918
JBS,JBS N.V. Class A Common Shares,NYSE,11.57,5058172
JBTM,JBT Marel Corporation Common Stock,NYSE,110.09,525236
JCI,Johnson Controls International plc Ordinary Share,NYSE,150.2,3208072
JD,"JD.com, Inc. - American Depositary Shares",NASDAQ,26.51,5853277
JDZG,JIADE LIMITED - Class A Ordinary Shares,NASDAQ,4.31,603795
JEF,Jefferies Financial Group Inc. Common Stock,NYSE,47.68,2098795
JFR,Nuveen Floating Rate Income Fund Common Stock,NYSE,7.33,719477
JHX,James Hardie Industries plc. Ordinary Shares,NYSE,26.1,12883368
JKHY,"Jack Henry & Associates, Inc. - Common Stock",NASDAQ,147.79,1020563
JKS,JinkoSolar Holding Company Limited American Depositary Shares (each representing 4 Common Shares),NYSE,9.67,909527
JLHL,Julong Holding Limited - Class A Ordinary Shares,NASDAQ,5.78,617963
JMIA,"Jumia Technologies AG American Depositary Shares, each representing two Ordinary Shares",NYSE,6.88,1610095
JMKE,Jersey Mike's Subs Inc. Class A Common Stock,NYSE,16.99,3323004
JNJ,Johnson & Johnson Common Stock,NYSE,271.22,6424745
JOBY,"Joby Aviation, Inc. Common Stock",NYSE,6.32,24934331
JPC,Nuveen Preferred & Income Opportunities Fund,NYSE,6.82,1853713
JPM,JP Morgan Chase & Co. Common Stock,NYSE,343.06,7508000
JQC,Nuveen Credit Strategies Income Fund Shares of Beneficial Interest,NYSE,4.71,660863
JXN,Jackson Financial Inc. Class A Common Stock,NYSE,133.12,841436
KARD,"Kardigan, Inc. - Common Stock",NASDAQ,14.79,773640
KBH,KB Home Common Stock,NYSE,48.01,1645668
KBR,"KBR, Inc. Common Stock",NYSE,34.54,1268672
KC,Kingsoft Cloud Holdings Limited - American Depositary Shares,NASDAQ,9.66,1216445
KD,"Kyndryl Holdings, Inc. Common Stock",NYSE,11.6,3579936
KDP,Keurig Dr Pepper Inc. - Common Stock,NASDAQ,31.95,9852736
KEEL,Keel Infrastructure Corp. - Common Stock,NASDAQ,3.8,33900059
KEP,Korea Electric Power Corporation Common Stock,NYSE,11.01,985063
KEY,KeyCorp Common Stock,NYSE,20.61,13861236
KEYS,Keysight Technologies Inc. Common Stock,NYSE,362.15,1104395
KFY,Korn Ferry Common Stock,NYSE,71.73,571618
KGC,Kinross Gold Corporation Common Stock,NYSE,25.05,7916236
KGS,"Kodiak Gas Services, Inc. Common Stock",NYSE,52.91,1899759
KHC,The Kraft Heinz Company Common Stock,NYSE,23.63,23187263
KIM,Kimco Realty Corporation (HC) Common Stock,NYSE,22.44,5878386
KKR,KKR & Co. Inc. Common Stock,NYSE,96.67,3591290
KLAC,KLA Corporation  - Common Stock,NASDAQ,187.92,9346640
KLAR,Klarna Group plc Ordinary Shares,NYSE,12.8,6562804
KLIC,"Kulicke and Soffa Industries, Inc. - Common Stock",NASDAQ,91.18,731418
KLRA,"Kailera Therapeutics, Inc. - Common stock",NASDAQ,11.22,1116159
KMB,Kimberly-Clark Corporation - Common Stock,NASDAQ,98.43,4635013
KMI,"Kinder Morgan, Inc. Common Stock",NYSE,30.75,12634104
KMPR,Kemper Corporation,NYSE,25.32,898959
KMT,Kennametal Inc. Common Stock,NYSE,31.03,1357922
KMX,CarMax Inc,NYSE,57.21,2043172
KN,Knowles Corporation Common Stock,NYSE,37.53,682509
KNF,Knife Riv Holding Co. Common Stock,NYSE,54.58,1053200
KNSA,"Kiniksa Pharmaceuticals International, plc - Class A Ordinary Shares",NASDAQ,75.08,529422
KNTK,Kinetik Holdings Inc. Class A Common Stock,NYSE,51.21,1215022
KNX,Knight-Swift Transportation Holdings Inc.,NYSE,63.67,3644890
KO,Coca-Cola Company (The) Common Stock,NYSE,87.81,15679727
KOD,Kodiak Sciences Inc - Common Stock,NASDAQ,32.35,811331
KODK,Eastman Kodak Company Common New,NYSE,9.51,859668
KOPN,Kopin Corporation - Common Stock,NASDAQ,4.99,3499118
KR,Kroger Company (The) Common Stock,NYSE,58.74,7450995
KRC,Kilroy Realty Corporation Common Stock,NYSE,34.23,1367977
KREF,KKR Real Estate Finance Trust Inc. Common Stock,NYSE,6.35,777659
KRG,Kite Realty Group Trust Common Stock,NYSE,24.78,2106109
KRMN,Karman Holdings Inc. Common Stock,NYSE,35.69,4006431
KRNY,Kearny Financial - Common Stock,NASDAQ,9.36,573127
KRP,Kimbell Royalty Partners Common Units Representing Limited Partner Interests,NYSE,14.57,996059
KSPI,Joint Stock Company Kaspi.kz - American Depository Shares,NASDAQ,95.67,647850
KSS,Kohl's Corporation Common Stock,NYSE,17.9,4495795
KT,KT Corporation Common Stock,NYSE,19.7,1202277
KTB,"Kontoor Brands, Inc. Common Stock",NYSE,65.37,779868
KTOS,"Kratos Defense & Security Solutions, Inc. - Common Stock",NASDAQ,45.62,3581936
KURA,"Kura Oncology, Inc. - Common Stock",NASDAQ,10.76,1885509
KVUE,Kenvue Inc. Common Stock,NYSE,17.8,26005740
KVYO,"Klaviyo, Inc. Series A Common Stock",NYSE,15.8,6714886
KYMR,"Kymera Therapeutics, Inc. - Common Stock",NASDAQ,111.95,723368
KYTX,"Kyverna Therapeutics, Inc. - Common Stock",NASDAQ,6.81,888650
L,Loews Corporation Common Stock,NYSE,104.82,1000413
LADR,Ladder Capital Corp Class A Common Stock,NYSE,9.08,1211263
LAND,Gladstone Land Corporation - Common Stock,NASDAQ,9.48,747445
LAR,Lithium Argentina AG Common Shares,NYSE,5.52,1793209
LASR,"nLIGHT, Inc. - Common Stock",NASDAQ,40.33,1098695
LAUR,"Laureate Education, Inc. - Common Stock",NASDAQ,37.4,967145
LAZ,"Lazard, Inc. Common Stock",NYSE,36.72,1740700
LBRT,Liberty Energy Inc. Class A common stock,NYSE,18.94,3517581
LBTYA,Liberty Global Ltd. - Class A Common Shares,NASDAQ,9.45,2391481
LBTYK,Liberty Global Ltd. - Class C Common Shares,NASDAQ,9.26,1744813
LCID,"Lucid Group, Inc. - Common Stock",NASDAQ,4.07,12356431
LCLN,"Lincoln International, Inc. Class A Common Stock",NYSE,23.37,828881
LDOS,"Leidos Holdings, Inc. Common Stock",NYSE,123.61,1273695
LEA,Lear Corporation Common Stock,NYSE,122.71,659568
LEGN,Legend Biotech Corporation - American Depositary Shares,NASDAQ,19.11,2064895
LEN,Lennar Corporation Class A Common Stock,NYSE,82.15,4372568
LENZ,"LENZ Therapeutics, Inc. - Common Stock",NASDAQ,3.91,732618
LEU,Centrus Energy Corp. Class A Common Stock,NYSE,147.07,767854
LEVI,Levi Strauss & Co Class A Common Stock,NYSE,19.73,2281250
LFST,"LifeStance Health Group, Inc. - Common Stock",NASDAQ,11.84,5742659
LFTO,"Liftoff Mobile, Inc. - Common Stock",NASDAQ,15.91,903427
LGN,Legence Corp. - Class A Common stock,NASDAQ,52.52,823740
LH,Labcorp Holdings Inc. Common Stock,NYSE,309.64,811986
LHX,"L3Harris Technologies, Inc. Common Stock",NYSE,237.69,1655331
LI,Li Auto Inc. - American Depositary Shares,NASDAQ,11.5,2887150
LIF,"Life360, Inc. - Common Stock",NASDAQ,41.1,558518
LIFE,Ethos Technologies Inc. - Class A Common Stock,NASDAQ,34.3,1591540
LILAK,Liberty Latin America Ltd. - Class C Common Stock,NASDAQ,8.49,1330563
LIN,Linde plc - Ordinary Shares,NASDAQ,469.89,1959595
LINC,Lincoln Educational Services Corporation - Common Stock,NASDAQ,22.46,823104
LIND,Lindblad Expeditions Holdings Inc.  - Common Stock,NASDAQ,28.45,906672
LINE,"Lineage, Inc. - Common Stock",NASDAQ,36.15,901050
LION,Lionsgate Studios Corp Common Shares,NYSE,10.85,2776504
LITE,Lumentum Holdings Inc. - Common Stock,NASDAQ,941.65,4379859
LIVN,LivaNova PLC - Ordinary Shares,NASDAQ,76.63,648422
LKQ,LKQ Corporation - Common Stock,NASDAQ,23.29,3310950
LLY,Eli Lilly and Company Common Stock,NYSE,1183.46,2391113
LMND,"Lemonade, Inc. Common Stock",NYSE,44.93,1044550
LMT,Lockheed Martin Corporation Common Stock,NYSE,519.56,1140245
LNC,Lincoln National Corporation Common Stock,NYSE,41.69,1935936
LNG,"Cheniere Energy, Inc. Common Stock",NYSE,268.54,2228904
LNT,Alliant Energy Corporation - Common Stock,NASDAQ,63.6,2244918
LNTH,"Lantheus Holdings, Inc. - Common Stock",NASDAQ,99.74,1020277
LOAR,Loar Holdings Inc. Common Stock,NYSE,65.04,716927
LOGI,Logitech International S.A. - Registered Shares,NASDAQ,101.09,755850
LOVIU,Live Oak Acquisition Corp. VI - Units,NASDAQ,10.01,3118800
LOW,"Lowe's Companies, Inc. Common Stock",NYSE,189.28,3272818
LPG,Dorian LPG Ltd. Common Stock,NYSE,53.43,602740
LPLA,LPL Financial Holdings Inc. - Common Stock,NASDAQ,314.36,758318
LPTH,"LightPath Technologies, Inc. - Class A Common Stock",NASDAQ,9.98,3531927
LPX,Louisiana-Pacific Corporation Common Stock,NYSE,66.7,1096445
LQDA,Liquidia Corporation - Common Stock,NASDAQ,68.43,1163140
LRCX,Lam Research Corporation - Common Stock,NASDAQ,315.21,8920350
LRMR,"Larimar Therapeutics, Inc. - Common Stock",NASDAQ,3.08,1269845
LRN,"Stride, Inc. Common Stock",NYSE,78.56,694995
LSCC,Lattice Semiconductor Corporation - Common Stock,NASDAQ,128.05,1613200
LSPD,Lightspeed Commerce Inc. Subordinate Voting Shares,NYSE,9.87,615145
LTBR,Lightbridge Corporation - Common Stock,NASDAQ,6.85,797690
LTC,"LTC Properties, Inc. Common Stock",NYSE,42.94,591163
LTH,"Life Time Group Holdings, Inc. Common Stock",NYSE,39.97,3334836
LTM,"LATAM Airlines Group S.A. American Depositary Shares (each representing two thousand (2,000) shares of Common Stock)",NYSE,52.45,798613
LTRX,"Lantronix, Inc. - Common Stock",NASDAQ,7.02,1445004
LULU,lululemon athletica inc. - Common Stock,NASDAQ,101.3,7817509
LUMN,"Lumen Technologies, Inc. Common Stock",NYSE,5.71,13193140
LUNR,"Intuitive Machines, Inc. - Class A Common Stock",NASDAQ,15.61,6840545
LUV,Southwest Airlines Company Common Stock,NYSE,42.68,5775313
LVS,Las Vegas Sands Corp. Common Stock,NYSE,38.99,5932709
LW,"Lamb Weston Holdings, Inc. Common Stock",NYSE,43.58,1452718
LWLG,"Lightwave Logic, Inc. - Common Stock",NASDAQ,5.31,2556122
LXEO,"Lexeo Therapeutics, Inc. - Common Stock",NASDAQ,3.31,1001427
LXP,LXP Industrial Trust Common Stock (Maryland REIT),NYSE,60.88,826713
LXU,"LSB Industries, Inc. Common Stock",NYSE,9.89,783295
LYB,LyondellBasell Industries NV Ordinary Shares Class A (Netherlands),NYSE,58.14,3500563
LYFT,"Lyft, Inc. - Class A Common Stock",NASDAQ,14.86,10022195
LYG,Lloyds Banking Group Plc American Depositary Shares,NYSE,5.77,13690340
LYV,"Live Nation Entertainment, Inc. Common Stock",NYSE,170.87,1942454
LZ,"LegalZoom.com, Inc. - Common Stock",NASDAQ,5.62,2590259
LZB,La-Z-Boy Incorporated Common Stock,NYSE,29.88,822531
M,Macy's Inc Common Stock,NYSE,22.64,6703959
MA,Mastercard Incorporated Common Stock,NYSE,567.65,2625018
MAA,"Mid-America Apartment Communities, Inc. Common Stock",NYSE,118.35,1114081
MAC,Macerich Company (The) Common Stock,NYSE,22.64,3373345
MAIR,Madison Air Solutions Corporation Class A Common Stock,NYSE,25.16,2613863
MAMA,"Mama's Creations, Inc. - Common Stock",NASDAQ,13.35,854672
MAN,ManpowerGroup Common Stock,NYSE,57.41,755427
MANE,"Veradermics, Incorporated Common Stock",NYSE,116.57,722013
MANH,"Manhattan Associates, Inc. - Common Stock",NASDAQ,206.03,624563
MAR,Marriott International - Class A Common Stock,NASDAQ,352.03,1622672
MARA,"MARA Holdings, Inc. - Common Stock",NASDAQ,12.55,46528231
MAS,Masco Corporation Common Stock,NYSE,68.85,2333445
MAT,"Mattel, Inc. - Common Stock",NASDAQ,13.29,3829850
MATV,"Mativ Holdings, Inc. Common Stock",NYSE,11.92,547418
MATW,Matthews International Corporation - Class A Common Stock,NASDAQ,18.95,1109150
MAX,"MediaAlpha, Inc. Class A Common Stock",NYSE,9.27,713068
MAZE,"Maze Therapeutics, Inc. - Common Stock",NASDAQ,26.05,770790
MBC,"MasterBrand, Inc. Common Stock",NYSE,7.23,2922509
MBGL,Mobility Global Inc. Common Stock,NYSE,17.87,3888250
MBLY,Mobileye Global Inc. - Class A Common Stock,NASDAQ,8.03,4871663
MC,Moelis & Company Class A Common Stock,NYSE,58.74,777572
MCD,McDonald's Corporation Common Stock,NYSE,236.5,5747900
MCHP,Microchip Technology Incorporated - Common Stock,NASDAQ,78.69,8365872
MCK,McKesson Corporation Common Stock,NYSE,866.64,932190
MCO,Moody's Corporation Common Stock,NYSE,468.7,701613
MD,"Pediatrix Medical Group, Inc. Common Stock",NYSE,26.31,716009
MDA,MDA Space Ltd. Common Shares,NYSE,31.49,1239459
MDB,"MongoDB, Inc. - Class A Common Stock",NASDAQ,410.44,1972459
MDLN,Medline Inc. - Class A common stock,NASDAQ,34.7,8157272
MDLZ,"Mondelez International, Inc. - Class A Common Stock",NASDAQ,60.25,7930086
MDT,Medtronic plc. Ordinary Shares,NYSE,88.64,9679650
MDU,"MDU Resources Group, Inc. Common Stock (Holding Company)",NYSE,18.76,1929890
MDXG,"MiMedx Group, Inc - Common Stock",NASDAQ,4.67,1147336
MEC,"Mayville Engineering Company, Inc. Common Stock",NYSE,17.16,512540
MEDS,"DataMeds AI, Inc. - Common Stock",NASDAQ,3.11,13402159
MEI,"Methode Electronics, Inc. Common Stock",NYSE,14.51,799859
MELI,"MercadoLibre, Inc. - Common Stock",NASDAQ,1752.61,576831
MEOH,Methanex Corporation - Common Stock,NASDAQ,58.86,830377
MET,"MetLife, Inc. Common Stock",NYSE,97.7,3012786
META,"Meta Platforms, Inc. - Class A Common Stock",NASDAQ,751.66,22963400
METC,"Ramaco Resources, Inc. - Class A Common Stock",NASDAQ,9.02,2255572
MFA,"MFA Financial, Inc.",NYSE,8.17,1611368
MFC,Manulife Financial Corporation Common Stock,NYSE,43.86,1708918
MFG,"Mizuho Financial Group, Inc. Sponosred ADR (Japan)",NYSE,11.07,3189245
MFIC,MidCap Financial Investment Corporation - Closed End Fund,NASDAQ,8.88,520509
MGA,"Magna International, Inc. Common Stock",NYSE,65.0,1163059
MGM,MGM Resorts International Common Stock,NYSE,32.58,3698345
MGN,Megan Holdings Limited - Class A Ordinary Shares,NASDAQ,3.98,1120203
MGNI,"Magnite, Inc. - Common Stock",NASDAQ,23.97,2286027
MGTX,MeiraGTx Holdings plc - Ordinary Shares,NASDAQ,10.91,912295
MGY,Magnolia Oil & Gas Corporation Class A Common Stock,NYSE,24.11,4148786
MH,"McGraw Hill, Inc. Common Stock",NYSE,12.73,505081
MHD,"Blackrock MuniHoldings Fund, Inc. Common Stock",NYSE,10.53,607331
MHK,"Mohawk Industries, Inc. Common Stock",NYSE,125.16,1075618
MIAX,"Miami International Holdings, Inc. Common Stock",NYSE,34.9,1642231
MICC,The Magnum Ice Cream Company N.V. Ordinary Shares,NYSE,18.98,760022
MIDD,The Middleby Corporation - Common Stock,NASDAQ,107.66,585854
MIR,"Mirion Technologies, Inc. Class A Common Stock",NYSE,15.59,3693736
MIRM,"Mirum Pharmaceuticals, Inc. - common stock",NASDAQ,89.7,659727
MITK,"Mitek Systems, Inc. - Common Stock",NASDAQ,17.66,627990
MKC,"McCormick & Company, Incorporated Common Stock",NYSE,47.94,3081622
MKSI,MKS Inc. - Common Stock,NASDAQ,260.82,1326804
MKTX,"MarketAxess Holdings, Inc. - Common Stock",NASDAQ,164.19,911350
MLCO,Melco Resorts & Entertainment Limited - American Depositary Shares,NASDAQ,4.73,1814572
MLI,"Mueller Industries, Inc. Common Stock",NYSE,60.52,1806836
MLKN,"MillerKnoll, Inc. - Common Stock",NASDAQ,20.06,742372
MLM,"Martin Marietta Materials, Inc. Common Stock",NYSE,484.3,851313
MLTX,MoonLake Immunotherapeutics - Class A Ordinary Shares,NASDAQ,12.04,1599731
MLYS,"Mineralys Therapeutics, Inc. - Common Stock",NASDAQ,25.86,1335913
MMED,"MiniMed Group, Inc. - Common Stock",NASDAQ,19.98,2671527
MMM,3M Company Common Stock,NYSE,169.55,2841595
MMS,"Maximus, Inc. Common Stock",NYSE,52.61,634668
MMSI,"Merit Medical Systems, Inc. - Common Stock",NASDAQ,87.5,592468
MMYT,MakeMyTrip Limited - Ordinary Shares,NASDAQ,46.75,745500
MNDY,monday.com Ltd. - Ordinary Shares,NASDAQ,83.66,1108900
MNKD,MannKind Corporation - Common Stock,NASDAQ,3.34,3963618
MNR,Mach Natural Resources LP Common Units representing Limited Partner Interests,NYSE,10.4,1224236
MNRO,"Monro, Inc.  - Common Stock",NASDAQ,13.74,984022
MNSO,"MINISO Group Holding Limited American Depositary Shares, each representing four Ordinary Shares",NYSE,8.78,1038000
MNST,Monster Beverage Corporation - Common Stock,NASDAQ,43.11,9432740
MNTN,"MNTN, Inc. Class A Common Stock",NYSE,11.01,751895
MNTS,Momentus Inc. - Class A Common Stock,NASDAQ,4.23,582386
MO,"Altria Group, Inc.",NYSE,68.82,8048027
MOD,Modine Manufacturing Company Common Stock,NYSE,198.07,1239359
MOH,Molina Healthcare Inc Common Stock,NYSE,190.86,603590
MOMO,Hello Group Inc.  - American Depositary Shares,NASDAQ,4.99,1010368
MOS,Mosaic Company (The) Common Stock,NYSE,23.01,8191122
MOVE,"Corvex, Inc. - Common Stock",NASDAQ,11.77,561986
MP,MP Materials Corp. Common Stock,NYSE,48.83,4985359
MPC,Marathon Petroleum Corporation Common Stock,NYSE,393.52,3064009
MPLT,"MapLight Therapeutics, Inc. - Common Stock",NASDAQ,10.46,596718
MPLX,MPLX LP Common Units Representing Limited Partner Interests,NYSE,56.8,1304363
MPT,"Medical Properties Trust, Inc. common stock",NYSE,3.57,10432000
MPWR,"Monolithic Power Systems, Inc. - Common Stock",NASDAQ,1367.43,712145
MQ,"Marqeta, Inc. - Class A Common Stock",NASDAQ,16.96,747318
MQY,"Blackrock MuniYield Quality Fund, Inc. Common Stock",NYSE,10.16,816890
MRAM,"Everspin Technologies, Inc. - Common Stock",NASDAQ,18.47,865731
MRCY,Mercury Systems Inc - Common Stock,NASDAQ,82.18,667336
MRK,"Merck & Company, Inc. Common Stock (new)",NYSE,148.78,9756386
MRNA,"Moderna, Inc. - Common Stock",NASDAQ,198.88,16599568
MRP,"Millrose Properties, Inc. Class A Common Stock",NYSE,27.19,1555972
MRSH,Marsh Common Stock,NYSE,171.12,2702886
MRTN,"Marten Transport, Ltd. - Common Stock",NASDAQ,12.87,711490
MRVI,"Maravai LifeSciences Holdings, Inc. - Class A common stock",NASDAQ,7.6,2964059
MRVL,"Marvell Technology, Inc. - Common Stock",NASDAQ,261.94,20906590
MRX,Marex Group Limited - Ordinary Shares,NASDAQ,71.31,791659
MS,Morgan Stanley Common Stock,NYSE,196.31,4847909
MSCI,MSCI Inc. Common Stock,NYSE,551.36,512927
MSFT,Microsoft Corporation - Common Stock,NASDAQ,516.17,22076663
MSGY,Masonglory Limited - Class A Ordinary Shares,NASDAQ,8.07,2546518
MSI,"Motorola Solutions, Inc. Common Stock",NYSE,456.88,900431
MSM,"MSC Industrial Direct Company, Inc. Common Stock",NYSE,121.22,688831
MSTR,Strategy Inc - Class A Common Stock,NASDAQ,158.61,25339668
MT,Arcelor Mittal NY Registry Shares NEW,NYSE,70.7,1150977
MTB,M&T Bank Corporation Common Stock,NYSE,221.19,1064722
MTCH,"Match Group, Inc. - Common Stock",NASDAQ,40.55,3554904
MTDR,Matador Resources Company Common Stock,NYSE,51.55,1768927
MTG,MGIC Investment Corporation Common Stock,NYSE,28.48,2063845
MTH,Meritage Homes Corporation Common Stock,NYSE,64.98,836281
MTN,"Vail Resorts, Inc. Common Stock",NYSE,136.11,855477
MTSI,"MACOM Technology Solutions Holdings, Inc. - Common Stock",NASDAQ,285.57,1306977
MTZ,"MasTec, Inc. Common Stock",NYSE,212.85,1503027
MU,"Micron Technology, Inc. - Common Stock",NASDAQ,1082.28,24890790
MUC,"Blackrock MuniHoldings California Quality Fund, Inc.  Common Stock",NYSE,9.82,585168
MUFG,"Mitsubishi UFJ Financial Group, Inc. Common Stock",NYSE,23.48,2852081
MUR,Murphy Oil Corporation Common Stock,NYSE,36.33,1598345
MUX,McEwen Inc. Common Stock,NYSE,19.02,1019959
MWA,MUELLER WATER PRODUCTS Common Stock,NYSE,21.63,1350745
MWH,"SOLV Energy, Inc. - Class A common stock",NASDAQ,25.2,1344272
MX,Magnachip Semiconductor Corporation Common Stock,NYSE,3.3,764481
MXL,"MaxLinear, Inc - Common Stock",NASDAQ,93.84,2764931
MYGN,"Myriad Genetics, Inc. - Common Stock",NASDAQ,4.17,2075245
MYI,"Blackrock MuniYield Quality Fund III, Inc Common Stock",NYSE,9.78,527654
NABL,"N-able, Inc. Common Stock",NYSE,4.0,3292831
NAC,Nuveen California Quality Municipal Income Fund,NYSE,10.53,1118586
NAD,Nuveen Quality Municipal Income Fund Common Stock,NYSE,10.1,1467454
NAMS,NewAmsterdam Pharma Company N.V. - Ordinary Shares,NASDAQ,22.58,1702681
NAT,Nordic American Tankers Limited Common Stock,NYSE,7.72,5184300
NATL,NCR Atleos Corporation Common Stock,NYSE,46.08,671568
NAVI,Navient Corporation - Common Stock,NASDAQ,9.12,1462450
NAVN,"Navan, Inc. - Class A Common Stock",NASDAQ,19.42,4747022
NB,NioCorp Developments Ltd. - Common Stock,NASDAQ,3.54,2378472
NBIS,Nebius Group N.V. - Class A Ordinary Shares,NASDAQ,237.33,14981527
NBIX,"Neurocrine Biosciences, Inc. - Common Stock",NASDAQ,138.4,1158204
NCI,Neo-Concept International Group Holdings Limited - Class A Ordinary Shares,NASDAQ,14.65,807059
NCLH,Norwegian Cruise Line Holdings Ltd. Ordinary Shares,NYSE,14.61,17129995
NCNO,"nCino, Inc. - Common Stock",NASDAQ,19.41,2617454
NCT,Intercont (Cayman) Limited - Class A Ordinary shares,NASDAQ,4.43,888998
NDAQ,"Nasdaq, Inc. - Common Stock",NASDAQ,93.55,3107672
NE,Noble Corporation plc A Ordinary Shares,NYSE,42.82,1171409
NEA,Nuveen AMT-Free Quality Municipal Income Fund Common Shares of Beneficial Interest Par Value $.01,NYSE,10.0,1819831
NEE,"NextEra Energy, Inc. Common Stock",NYSE,76.08,11560040
NEM,Newmont Corporation,NYSE,121.43,7713481
NEO,"NeoGenomics, Inc. - Common Stock",NASDAQ,19.33,2117204
NEOG,Neogen Corporation - Common Stock,NASDAQ,13.76,3016195
NESR,National Energy Services Reunited Corp - Ordinary Shares,NASDAQ,32.13,1614927
NET,"Cloudflare, Inc. Class A Common Stock",NYSE,349.02,3248654
NEWP,New Pacific Metals Corp. Common Shares,NYSE American,6.62,855268
NEXA,Nexa Resources S.A. Common Shares,NYSE,12.44,858663
NEXT,NextDecade Corporation - Common Stock,NASDAQ,6.56,2440904
NFE,New Fortress Energy Inc. - Class A Common Stock,NASDAQ,6.82,1474790
NFG,National Fuel Gas Company Common Stock,NYSE,78.99,732922
NFLX,"Netflix, Inc. - Common Stock",NASDAQ,71.15,31759604
NG,Novagold Resources Inc.,NYSE American,7.13,5841286
NGG,"National Grid Transco, PLC National Grid PLC (NEW) American Depositary Shares",NYSE,75.49,926486
NHP,"National Healthcare Properties, Inc. - Class A Common Stock",NASDAQ,16.03,608945
NI,NiSource Inc Common Stock,NYSE,39.42,5458727
NICE,NICE Ltd - American Depositary Shares each representing one Ordinary Share,NASDAQ,112.81,518609
NIO,"NIO Inc. American depositary shares, each  representing one Class A ordinary share",NYSE,3.58,38171909
NIQ,NIQ Global Intelligence plc Ordinary Shares,NYSE,17.83,1140486
NJR,NewJersey Resources Corporation Common Stock,NYSE,50.61,690604
NKE,"Nike, Inc. Common Stock",NYSE,35.75,32888131
NKLR,Terra Innovatum Global N.V. - Ordinary shares,NASDAQ,3.53,574881
NKTR,Nektar Therapeutics - Common Stock,NASDAQ,57.06,1175445
NLY,Annaly Capital Management Inc. Common Stock,NYSE,20.61,9081681
NMAX,"Newsmax, Inc. Class B Common Stock",NYSE,10.87,1219177
NMCO,Nuveen Municipal Credit Opportunities Fund Common Shares,NYSE,9.07,583122
NMIH,NMI Holdings Inc - Common Stock,NASDAQ,41.23,568422
NMR,Nomura Holdings Inc ADR American Depositary Shares,NYSE,10.06,743704
NMRK,"Newmark Group, Inc. - Class A Common Stock",NASDAQ,13.06,1975572
NMZ,"Nuveen Municipal High Income Opportunity Fund Common Stock, $0.01 par value, per share",NYSE,9.02,1106495
NN,NextNav Inc. - Common stock,NASDAQ,14.38,2383913
NNBR,"NN, Inc. - Common Stock",NASDAQ,3.67,1733509
NNE,Nano Nuclear Energy Inc. - common stock,NASDAQ,16.99,1882800
NNN,"NNN REIT, Inc. Common Stock",NYSE,41.3,1768009
NOC,Northrop Grumman Corporation Common Stock,NYSE,510.52,798300
NOG,"Northern Oil and Gas, Inc. Common Stock",NYSE,23.29,2028836
NOK,Nokia Corporation Sponsored American Depositary Shares,NYSE,10.39,83511045
NOMD,Nomad Foods Limited Ordinary Shares,NYSE,10.63,1309581
NOV,NOV Inc. Common Stock,NYSE,19.86,3128859
NOW,"ServiceNow, Inc. Common Stock",NYSE,135.62,15086831
NP,Neptune Insurance Holdings Inc. Class A Common Stock,NYSE,27.51,509440
NPKI,NPK International Inc. Common Stock,NYSE,11.72,854140
NRDS,"NerdWallet, Inc. - Class A Common Stock",NASDAQ,8.5,712031
NRG,"NRG Energy, Inc. Common Stock",NYSE,100.37,2694563
NRGV,"Energy Vault Holdings, Inc. Common Stock",NYSE,4.4,4064900
NRIX,"Nurix Therapeutics, Inc. - Common stock",NASDAQ,23.01,1396309
NSC,Norfolk Southern Corporation Common Stock,NYSE,313.0,1119686
NTAP,"NetApp, Inc. - Common Stock",NASDAQ,201.15,2494209
NTCT,"NetScout Systems, Inc. - Common Stock",NASDAQ,39.44,652313
NTES,"NetEase, Inc. - American Depositary Shares, each representing 5 ordinary shares",NASDAQ,115.41,608650
NTLA,"Intellia Therapeutics, Inc. - Common Stock",NASDAQ,11.75,3837972
NTNX,"Nutanix, Inc. - Class A Common Stock",NASDAQ,68.03,2765122
NTR,Nutrien Ltd. Common Shares,NYSE,72.23,2698927
NTRA,"Natera, Inc. - Common Stock",NASDAQ,412.56,1401604
NTRS,Northern Trust Corporation - Common Stock,NASDAQ,175.73,965395
NTSK,"Netskope, Inc. - Class A Common Stock",NASDAQ,17.67,7484750
NTST,NetSTREIT Corp. Common Stock,NYSE,18.21,1409395
NU,Nu Holdings Ltd. Class A Ordinary Shares,NYSE,13.59,67728740
NUAI,"New Era Energy & Digital, Inc. - Common Stock",NASDAQ,7.06,7851022
NUE,Nucor Corporation Common Stock,NYSE,247.25,1201627
NUS,"Nu Skin Enterprises, Inc. Common Stock",NYSE,4.63,540254
NUV,"Nuveen Municipal Value Fund, Inc. Common Stock",NYSE,8.18,874322
NUVB,Nuvation Bio Inc. Class A Common Stock,NYSE,5.74,4575236
NVA,Nova Minerals Corp Common Stock,NYSE American,5.6,511522
NVAX,"Novavax, Inc. - Common Stock",NASDAQ,10.63,5609122
NVCR,NovoCure Limited - Ordinary Shares,NASDAQ,15.84,1050322
NVDA,NVIDIA Corporation - Common Stock,NASDAQ,225.07,127273663
NVG,Nuveen AMT-Free Municipal Credit Income Fund,NYSE,10.8,902200
NVMI,Nova Ltd. - Ordinary Shares,NASDAQ,368.23,601222
NVO,Novo Nordisk A/S Common Stock,NYSE,38.8,12970354
NVS,Novartis AG Common Stock,NYSE,145.46,2496218
NVST,Envista Holdings Corporation Common Stock,NYSE,23.95,2774086
NVT,nVent Electric plc Ordinary Shares,NYSE,164.41,2511718
NVTS,Navitas Semiconductor Corporation - Common Stock,NASDAQ,12.2,11332027
NWBI,"Northwest Bancshares, Inc. - Common Stock",NASDAQ,15.31,1086468
NWCL,newcleo plc - Ordinary Shares,NASDAQ,7.43,770609
NWG,"NatWest Group plc American Depositary Shares, (each representing two (2) Ordinary Shares)",NYSE,18.49,3029977
NWL,Newell Brands Inc. - Common Stock,NASDAQ,5.43,6745559
NWS,News Corporation - Class B Common Stock,NASDAQ,31.75,1276459
NWSA,News Corporation - Class A Common Stock,NASDAQ,28.49,4519627
NX,Quanex Building Products Corporation Common Stock,NYSE,19.74,521054
NXE,Nexgen Energy Ltd. Common Shares,NYSE,9.19,3977681
NXH,"Neighborhood Intelligence, Inc.  - Common Stock",NASDAQ,3.27,2466950
NXPI,NXP Semiconductors N.V. - Common Stock,NASDAQ,238.08,3499168
NXRT,"NexPoint Residential Trust, Inc. Common Stock",NYSE,19.64,779795
NXT,Nextpower Inc. - Common Stock,NASDAQ,80.85,2054072
NYT,New York Times Company (The) Common Stock,NYSE,63.83,3133340
NZF,Nuveen Municipal Credit Income Fund,NYSE,11.04,965750
O,Realty Income Corporation Common Stock,NYSE,55.54,7579277
OABI,"OmniAb, Inc. - Common Stock",NASDAQ,4.61,1465822
OBDC,Blue Owl Capital Corporation Common Stock,NYSE,10.81,2939300
OBE,Obsidian Energy Ltd. Common Shares,NYSE American,10.69,872600
OBX,"Obsidian Therapeutics, Inc. - Common Stock",NASDAQ,12.86,612081
OC,Owens Corning Inc Common Stock New,NYSE,123.91,1116940
OCFC,OceanFirst Financial Corp. - Common Stock,NASDAQ,17.1,1019836
OCTV,Octave Intelligence plc - Class B Ordinary Shares,NASDAQ,18.83,3154690
OCUL,"Ocular Therapeutix, Inc. - Common Stock",NASDAQ,9.65,2145990
ODD,ODDITY Tech Ltd. - Class A Ordinary Shares,NASDAQ,18.64,1778313
ODFL,"Old Dominion Freight Line, Inc. - Common Stock",NASDAQ,173.3,1831681
OGC,OceanaGold Corporation Common Shares,NYSE,28.13,648109
OGE,OGE Energy Corp Common Stock,NYSE,44.81,1629690
OGN,Organon & Co. Common Stock,NYSE,13.73,2871300
OGS,"ONE Gas, Inc. Common Stock",NYSE,71.8,562336
OHI,"Omega Healthcare Investors, Inc. Common Stock",NYSE,46.28,1975736
OI,"O-I Glass, Inc. Common Stock",NYSE,5.86,3250350
OIG,Orion180 Insurance Group Inc. - Class A Common Stock,NASDAQ,9.57,1435950
OII,"Oceaneering International, Inc. Common Stock",NYSE,46.26,905381
OIS,"Oil States International, Inc. Common Stock",NYSE,8.28,512659
OKE,"ONEOK, Inc. Common Stock",NYSE,88.63,3706400
OKLO,Oklo Inc. Class A common stock,NYSE,38.04,10442677
OKTA,"Okta, Inc. - Class A Common Stock",NASDAQ,195.19,4852845
OLED,Universal Display Corporation - Common Stock,NASDAQ,77.39,799963
OLLI,"Ollie's Bargain Outlet Holdings, Inc. - Common Stock",NASDAQ,84.25,2028200
OLMA,"Olema Pharmaceuticals, Inc. - Common Stock",NASDAQ,8.75,1145300
OLN,Olin Corporation Common Stock,NYSE,16.4,2626595
OMC,Omnicom Group Inc. Common Stock,NYSE,76.15,3210727
OMCL,"Omnicell, Inc. - Common Stock",NASDAQ,33.66,587259
OMDA,"Omada Health, Inc. - Common Stock",NASDAQ,19.66,1388763
OMER,Omeros Corporation - Common Stock,NASDAQ,20.08,1556813
OMF,"OneMain Holdings, Inc. Common Stock",NYSE,57.36,962263
ON,ON Semiconductor Corporation - Common Stock,NASDAQ,77.2,10612472
ONB,Old National Bancorp - Common Stock,NASDAQ,25.49,3907931
ONDS,Ondas Inc - Common Stock,NASDAQ,7.64,65021586
ONON,On Holding AG Class A Ordinary Shares,NYSE,29.96,10821450
ONT,"Onterris, Inc. Common Stock",NYSE,14.0,576481
ONTO,Onto Innovation Inc. Common Stock,NYSE,287.64,868459
OOMA,"Ooma, Inc. Common Stock",NYSE,21.77,557250
OPCH,"Option Care Health, Inc. - Common Stock",NASDAQ,23.07,2025427
OPFI,OppFi Inc. Class A Common Stock,NYSE,6.28,931536
OPLN,"OPENLANE, Inc. Common Stock",NYSE,34.82,1087868
OPRT,Oportun Financial Corporation - common stock,NASDAQ,8.55,543218
OR,OR Royalties Inc. Common Shares,NYSE,35.78,848563
ORA,"Ormat Technologies, Inc. Common Stock",NYSE,93.63,952381
ORC,"Orchid Island Capital, Inc. Common Stock",NYSE,5.71,4998127
ORCL,Oracle Corporation Common Stock,NYSE,137.1,32528890
ORI,Old Republic International Corporation Common Stock,NYSE,37.74,1345472
ORIC,"Oric Pharmaceuticals, Inc. - Common Stock",NASDAQ,13.16,1393218
ORKA,"Oruka Therapeutics, Inc. - Common Stock",NASDAQ,84.46,893659
ORLY,"O'Reilly Automotive, Inc. - Common Stock",NASDAQ,86.12,6308504
OSCR,"Oscar Health, Inc. Class A Common Stock",NYSE,29.6,5458581
OSG,"Octave Specialty Group, Inc. Common Stock",NYSE,4.19,563913
OSK,Oshkosh Corporation (Holding Company)Common Stock,NYSE,132.75,587527
OSPN,OneSpan Inc. - Common Stock,NASDAQ,17.81,534881
OSS,"One Stop Systems, Inc. - Common Stock",NASDAQ,9.28,680436
OSUR,"OraSure Technologies, Inc. - Common Stock",NASDAQ,3.93,533240
OSW,OneSpaWorld Holdings Limited - Common Shares,NASDAQ,22.92,1079109
OTEX,Open Text Corporation - Common Shares,NASDAQ,22.51,1319386
OTF,Blue Owl Technology Finance Corp. Common Stock,NYSE,10.31,2184009
OTIS,Otis Worldwide Corporation Common Stock,NYSE,65.94,4383340
OUST,"Ouster, Inc. - Common Stock",NASDAQ,43.72,2055136
OUT,OUTFRONT Media Inc. Common Stock,NYSE,27.65,1649940
OVV,Ovintiv Inc. (DE),NYSE,60.13,3206404
OWL,Blue Owl Capital Inc. Class A Common Stock,NYSE,9.32,19798445
OXLC,Oxford Lane Capital Corp. - Closed End Fund,NASDAQ,8.94,845645
OXM,"Oxford Industries, Inc. Common Stock",NYSE,25.95,574918
OXY,Occidental Petroleum Corporation Common Stock,NYSE,56.86,8314136
OZK,Bank OZK - Common Stock,NASDAQ,46.89,1089209
P,"Everpure, Inc. Class A common stock",NYSE,126.0,7264854
PAA,"Plains All American Pipeline, L.P. - Common Units representing Limited Partner Interests",NASDAQ,24.42,2683381
PAAS,Pan American Silver Corp. Common Stock,NYSE,48.04,3755627
PACS,"PACS Group, Inc. Common Stock",NYSE,41.3,705022
PAGP,"Plains GP Holdings, L.P. - Class A Shares representing limited partner interests",NASDAQ,26.58,1733918
PAGS,PagSeguro Digital Ltd. Class A Common Shares,NYSE,9.05,2923518
PAL,"Proficient Auto Logistics, Inc. - Common Stock",NASDAQ,3.68,818895
PANW,"Palo Alto Networks, Inc. - Common Stock",NASDAQ,374.74,6995381
PAR,PAR Technology Corporation Common Stock,NYSE,14.06,935836
PARR,"Par Pacific Holdings, Inc.  Common Stock",NYSE,77.46,963327
PATH,"UiPath, Inc. Class A Common Stock",NYSE,12.46,58258727
PATK,"Patrick Industries, Inc. - Common Stock",NASDAQ,68.49,564540
PAX,Patria Investments Limited - Class A Common Shares,NASDAQ,10.24,1092868
PAY,"Paymentus Holdings, Inc. Class A Common Stock",NYSE,30.17,1237145
PAYC,"Paycom Software, Inc. Common Stock",NYSE,220.46,763913
PAYO,Payoneer Global Inc. - Common Stock,NASDAQ,7.17,2760181
PAYP,PayPay Corporation - American Depository Shares,NASDAQ,16.51,748677
PAYS,"Paysign, Inc. - Common Stock",NASDAQ,12.67,771986
PAYX,"Paychex, Inc. - Common Stock",NASDAQ,101.37,3177900
PB,"Prosperity Bancshares, Inc. Common Stock",NYSE,67.77,1087168
PBA,Pembina Pipeline Corp. Ordinary Shares (Canada),NYSE,44.66,1067077
PBF,PBF Energy Inc. Class A Common Stock,NYSE,73.69,3809245
PBH,Prestige Consumer Healthcare Inc. Common Stock,NYSE,46.61,566086
PBI,Pitney Bowes Inc. Common Stock,NYSE,16.38,1651227
PBLS,"Parabilis Medicines, Inc. - Common Stock",NASDAQ,31.2,1068777
PBR,Petroleo Brasileiro S.A. Petrobras ADS,NYSE,20.37,22476909
PCAR,PACCAR Inc. - Common Stock,NASDAQ,111.31,3306427
PCG,Pacific Gas & Electric Co. Common Stock,NYSE,12.34,57696440
PCLA,PicoCELA Inc. - American Depositary Shares,NASDAQ,7.47,633650
PCOR,"Procore Technologies, Inc. Common Stock",NYSE,49.3,2564827
PCRX,"Pacira BioSciences, Inc. - Common Stock",NASDAQ,25.12,540272
PCT,"PureCycle Technologies, Inc. - Common stock",NASDAQ,5.02,3796154
PCTY,Paylocity Holding Corporation - Common Stock,NASDAQ,143.35,644372
PCVX,"Vaxcyte, Inc. - Common Stock",NASDAQ,56.21,1305004
PD,"PagerDuty, Inc. Common Stock",NYSE,14.38,1761009
PDD,PDD Holdings Inc. - American Depositary Shares,NASDAQ,77.57,6848890
PDFS,"PDF Solutions, Inc. - Common Stock",NASDAQ,49.55,652254
PDI,PIMCO Dynamic Income Fund Common Stock,NYSE,14.0,4185363
PDM,"Piedmont Realty Trust, Inc. Class A Common Stock",NYSE,9.17,1943277
PDO,PIMCO Dynamic Income Opportunities Fund Common Shares of Beneficial Interest,NYSE,11.73,1212950
PDYN,Palladyne AI Corp. - Common stock,NASDAQ,5.39,797181
PEB,Pebblebrook Hotel Trust Common Shares of Beneficial Interest,NYSE,18.42,2226572
PECO,"Phillips Edison & Company, Inc. - Common Stock",NASDAQ,37.39,956095
PEG,Public Service Enterprise Group Incorporated Common Stock,NYSE,67.02,3338586
PEGA,Pegasystems Inc. - Common Stock,NASDAQ,33.75,2326472
PENG,"Penguin Solutions, Inc. - Common Stock",NASDAQ,56.22,1430868
PENN,"PENN Entertainment, Inc. - Common Stock",NASDAQ,15.65,2980668
PEP,"PepsiCo, Inc. - Common Stock",NASDAQ,128.63,8806295
PERI,Perion Network Ltd - Ordinary Shares,NASDAQ,8.59,618613
PFE,"Pfizer, Inc. Common Stock",NYSE,28.67,33559790
PFG,Principal Financial Group Inc - Common Stock,NASDAQ,114.77,1487231
PFGC,Performance Food Group Company Common Stock,NYSE,91.55,1493681
PFLT,PennantPark Floating Rate Capital Ltd. Common Stock,NYSE,6.99,703450
PFN,PIMCO Income Strategy Fund II,NYSE,6.25,558172
PFS,"Provident Financial Services, Inc Common Stock",NYSE,22.84,830409
PFSI,"PennyMac Financial Services, Inc. Common Stock",NYSE,65.46,569377
PG,Procter & Gamble Company (The) Common Stock,NYSE,146.23,8050240
PGEN,"Precigen, Inc. - Common Stock",NASDAQ,7.75,4450481
PGNY,"Progyny, Inc. - Common Stock",NASDAQ,25.44,1126259
PGR,Progressive Corporation (The) Common Stock,NYSE,205.5,2500968
PGY,Pagaya Technologies Ltd. - Class A Ordinary Shares,NASDAQ,17.62,2399886
PH,Parker-Hannifin Corporation Common Stock,NYSE,978.33,612218
PHAT,"Phathom Pharmaceuticals, Inc. - Common Stock",NASDAQ,7.3,1244195
PHG,Koninklijke Philips N.V. NY Registry Shares,NYSE,24.96,744613
PHK,Pimco High Income Fund,NYSE,4.13,1310368
PHM,"PulteGroup, Inc. Common Stock",NYSE,119.85,1569209
PHR,"Phreesia, Inc. Common Stock",NYSE,10.15,745590
PHVS,Pharvaris N.V. - Ordinary Shares,NASDAQ,32.02,1048672
PII,Polaris Inc. Common Stock,NYSE,53.03,837486
PINS,"Pinterest, Inc. Class A Common Stock",NYSE,18.9,15007963
PIPR,Piper Sandler Companies Common Stock,NYSE,72.34,639690
PK,Park Hotels & Resorts Inc. Common Stock,NYSE,15.43,3381059
PKG,Packaging Corporation of America Common Stock,NYSE,237.18,603295
PL,Planet Labs PBC Class A Common Stock,NYSE,17.43,12119368
PLAB,"Photronics, Inc. - Common Stock",NASDAQ,30.4,1525568
PLAY,"Dave & Buster's Entertainment, Inc. - Common Stock",NASDAQ,6.62,3250290
PLD,"Prologis, Inc. Common Stock",NYSE,133.05,3278490
PLNT,"Planet Fitness, Inc. Common Stock",NYSE,42.68,2393436
PLSE,"Pulse Biosciences, Inc - Common Stock",NASDAQ,51.63,671722
PLTR,Palantir Technologies Inc. - Class A Common Stock,NASDAQ,189.67,27085522
PM,Philip Morris International Inc Common Stock,NYSE,190.48,4403468
PMI,"Picard Medical, Inc. Common Stock",NYSE American,4.62,602104
PML,Pimco Municipal Income Fund II Common Shares of Beneficial Interest,NYSE,6.56,574513
PMT,PennyMac Mortgage Investment Trust Common Shares of Beneficial Interest,NYSE,8.33,1580709
PNC,"PNC Financial Services Group, Inc. (The) Common Stock",NYSE,225.64,1688550
PNFP,"Pinnacle Financial Partners, Inc. Common stock",NYSE,94.97,999590
PNNT,PennantPark Investment Corporation Common Stock,NYSE,3.32,560177
PNR,Pentair plc. Ordinary Share,NYSE,53.66,3780322
PNW,Pinnacle West Capital Corporation Common Stock,NYSE,91.74,1027595
PODD,Insulet Corporation - Common Stock,NASDAQ,136.13,1709036
POET,POET Technologies Inc. - Common Shares,NASDAQ,7.77,8075513
PONY,Pony AI Inc. - American Depositary Shares,NASDAQ,6.89,3705590
POOL,Pool Corporation - Common Stock,NASDAQ,164.91,817609
POR,Portland General Electric Co Common Stock,NYSE,46.85,1174663
POST,"Post Holdings, Inc. Common Stock",NYSE,73.15,978759
POWI,"Power Integrations, Inc. - Common Stock",NASDAQ,52.22,834563
POWL,"Powell Industries, Inc. - Common Stock",NASDAQ,189.53,554586
PPC,Pilgrim's Pride Corporation - Common Stock,NASDAQ,27.82,1333727
PPG,"PPG Industries, Inc. Common Stock",NYSE,107.52,1630445
PPL,PPL Corporation Common Stock,NYSE,32.03,6774031
PPLI,People Incorporated - Common Stock,NASDAQ,40.0,1188718
PPTA,Perpetua Resources Corp. - Common Shares,NASDAQ,23.49,932904
PR,Permian Resources Corporation Class A Common Stock,NYSE,21.36,10527909
PRCH,"Porch Group, Inc. - Common Stock",NASDAQ,16.53,1469250
PRCT,PROCEPT BioRobotics Corporation - Common Stock,NASDAQ,17.2,1236877
PRDO,Perdoceo Education Corporation - Common Stock,NASDAQ,30.49,659918
PRG,"PROG Holdings, Inc. Common Stock",NYSE,32.68,632468
PRGO,Perrigo Company plc Ordinary Shares,NYSE,15.42,2880336
PRGS,Progress Software Corporation - Common Stock,NASDAQ,39.34,529704
PRIM,Primoris Services Corporation Common Stock,NYSE,72.65,1229572
PRKS,United Parks & Resorts Inc. Common Stock,NYSE,33.25,713727
PRLD,Prelude Therapeutics Incorporated - Common Stock,NASDAQ,3.88,506150
PRM,"Perimeter Solutions, SA Common Stock",NYSE,29.11,1108586
PRMB,Primo Brands Corporation Class A Common Stock,NYSE,19.5,4512054
PRTH,"Priority Technology Holdings, Inc. - Common Stock",NASDAQ,7.78,1842259
PRU,"Prudential Financial, Inc. Common Stock",NYSE,119.45,1559831
PRVA,"Privia Health Group, Inc. - Common Stock",NASDAQ,19.71,1239531
PS,Pershing Square Inc. Common Stock,NYSE,56.16,684804
PSA,Public Storage Common Stock,NYSE,287.97,884972
PSIG,PS International Group Ltd. - Ordinary Shares,NASDAQ,4.57,1307313
PSKY,Paramount Skydance Corporation - Class B Common Stock,NASDAQ,9.96,20587631
PSN,Parsons Corporation Common Stock,NYSE,43.07,1139095
PSNL,"Personalis, Inc. - Common Stock",NASDAQ,16.46,2502881
PSO,"Pearson, Plc Common Stock",NYSE,16.13,673136
PSQL,Pasqal Holding SA - Ordinary Shares,NASDAQ,6.99,996545
PSX,Phillips 66 Common Stock,NYSE,255.75,3310595
PTC,PTC Inc. - Common Stock,NASDAQ,138.12,1666831
PTCT,"PTC Therapeutics, Inc. - Common Stock",NASDAQ,62.67,1118313
PTEN,"Patterson-UTI Energy, Inc. - Common Stock",NASDAQ,10.91,8707790
PTGX,"Protagonist Therapeutics, Inc. - Common Stock",NASDAQ,141.86,639804
PTLO,Portillo's Inc. - Class A Common Stock,NASDAQ,3.49,1318627
PTON,"Peloton Interactive, Inc. - Common Stock",NASDAQ,4.92,8937281
PTRN,Pattern Group Inc. - Series A Common Stock,NASDAQ,17.02,1619840
PTY,Pimco Corporate & Income Opportunity Fund,NYSE,10.93,1698281
PUBM,"PubMatic, Inc. - Class A Common Stock",NASDAQ,18.6,691931
PUK,Prudential Public Limited Company Common Stock,NYSE,25.25,1051981
PUMP,ProPetro Holding Corp. Common Stock,NYSE,9.59,3792100
PURR,Hyperliquid Strategies Inc - Common Stock,NASDAQ,12.85,27521518
PVH,PVH Corp. Common Stock,NYSE,75.99,1101750
PWP,Perella Weinberg Partners - Class A Common Stock,NASDAQ,14.47,1393768
PWR,"Quanta Services, Inc. Common Stock",NYSE,649.13,875677
PYPL,"PayPal Holdings, Inc. - Common Stock",NASDAQ,55.04,14101445
PZZA,"Papa John's International, Inc. - Common Stock",NASDAQ,19.55,1453954
Q,"Qnity Electronics, Inc. Common Stock",NYSE,124.69,1676422
QBTS,D-Wave Quantum Inc. - Common Stock,NASDAQ,17.41,16708827
QCOM,QUALCOMM Incorporated - Common Stock,NASDAQ,201.97,14401077
QDEL,QuidelOrtho Corporation - Common Stock,NASDAQ,10.94,1373609
QFIN,"Qfin Holdings, Inc.  - American Depositary Shares",NASDAQ,7.3,2694872
QGEN,Qiagen N.V. Common Shares,NYSE,44.18,1695863
QLYS,"Qualys, Inc. - Common Stock",NASDAQ,172.43,745259
QMCO,Quantum Corporation - Common Stock,NASDAQ,31.68,1482104
QNRX,"Quoin Pharmaceuticals, Ltd. - American Depositary Shares",NASDAQ,6.43,1520790
QNST,"QuinStreet, Inc. - Common Stock",NASDAQ,14.41,1076636
QNT,Quantinuum Inc. - Class A Common Stock,NASDAQ,49.53,1764418
QRVO,"Qorvo, Inc. - Common Stock",NASDAQ,117.97,1402913
QS,QuantumScape Corporation - Common Stock,NASDAQ,4.91,11874481
QSR,Restaurant Brands International Inc. Common Shares,NYSE,71.64,3346986
QTRX,Quanterix Corporation - Common Stock,NASDAQ,3.27,852218
QTTB,Q32 Bio Inc. - Common Stock,NASDAQ,8.77,622040
QTWO,"Q2 Holdings, Inc. Common Stock",NYSE,56.13,607504
QUBT,Quantum Computing Inc. - Common Stock,NASDAQ,8.96,6974263
QURE,uniQure N.V. - Ordinary Shares,NASDAQ,38.23,1338218
QXO,"QXO, Inc. Common Stock",NYSE,12.43,16901722
RAL,Ralliant Corporation Common Stock,NYSE,70.03,1452881
RAMP,"LiveRamp Holdings, Inc. Common Stock",NYSE,37.5,1241886
RARE,Ultragenyx Pharmaceutical Inc. - Common Stock,NASDAQ,14.5,6397090
RBA,"RB Global, Inc. Common Stock",NYSE,82.49,1721236
RBLX,Roblox Corporation Class A Common Stock,NYSE,46.44,11059913
RBRK,"Rubrik, Inc. Class A Common Stock",NYSE,109.55,3867254
RCAT,"Red Cat Holdings, Inc. - Common Stock",NASDAQ,6.66,8334254
RCI,"Rogers Communication, Inc. Common Stock",NYSE,31.91,1167818
RCL,Royal Caribbean Cruises Ltd. Common Stock,NYSE,242.7,2754804
RCUS,"Arcus Biosciences, Inc. Common Stock",NYSE,24.97,1654113
RDAC,Rising Dragon Acquisition Corp. - Ordinary Shares,NASDAQ,5.56,1203895
RDDT,"Reddit, Inc. Class A Common Stock",NYSE,149.84,4604363
RDN,Radian Group Inc. Common Stock,NYSE,33.02,1145345
RDNT,"RadNet, Inc. - Common Stock",NASDAQ,70.79,769104
RDW,Redwire Corporation Common Stock,NYSE,11.62,12296672
RDY,Dr. Reddy's Laboratories Ltd Common Stock,NYSE,12.25,2811318
REAL,"The RealReal, Inc. - Common Stock",NASDAQ,8.83,2433904
REAX,Real REMAX Group Inc. - Common Stock,NASDAQ,16.43,1024881
REF,Reformation Inc. Common Stock,NYSE,12.37,636304
REG,Regency Centers Corporation - Common Stock,NASDAQ,73.23,1345636
REGN,"Regeneron Pharmaceuticals, Inc. - Common Stock",NASDAQ,788.04,694654
RELX,RELX PLC PLC American Depositary Shares (Each representing One Ordinary Share),NYSE,33.52,2052513
RELY,"Remitly Global, Inc. - Common stock",NASDAQ,21.36,4312159
REPL,"Replimune Group, Inc. - Common Stock",NASDAQ,12.36,1969550
RERE,ATRenew Inc. American Depositary Shares (every three of which representing two Class A ordinary shares),NYSE,3.94,702150
RES,"RPC, Inc. Common Stock",NYSE,5.84,1901468
REXR,"Rexford Industrial Realty, Inc. Common Stock",NYSE,37.47,2711059
REYN,Reynolds Consumer Products Inc. - Common Stock,NASDAQ,21.67,1639995
REZI,"Resideo Technologies, Inc. Common Stock",NYSE,18.27,2143140
RF,Regions Financial Corporation Common Stock,NYSE,27.62,8069659
RGEN,Repligen Corporation - Common Stock,NASDAQ,189.68,988818
RGLD,"Royal Gold, Inc. - Common Stock",NASDAQ,252.49,664995
RGNX,REGENXBIO Inc. - Common Stock,NASDAQ,7.4,1296472
RGTI,"Rigetti Computing, Inc.  - Common stock",NASDAQ,16.66,16684463
RH,RH Common Stock,NYSE,124.17,843795
RHI,Robert Half Inc. Common Stock,NYSE,36.89,1878236
RHP,"Ryman Hospitality Properties, Inc. (REIT)",NYSE,121.46,585227
RIG,Transocean Ltd (Switzerland) Common Stock,NYSE,5.38,42936645
RILY,"BRC Group Holdings, Inc. - Common Stock",NASDAQ,5.71,513509
RIO,Rio Tinto Plc Common Stock,NYSE,94.56,1765631
RIOT,"Riot Platforms, Inc. - Common Stock",NASDAQ,23.0,15985586
RITM,Rithm Capital Corp. Common Stock,NYSE,9.13,5283331
RIVN,"Rivian Automotive, Inc. - Class A Common Stock",NASDAQ,15.47,21231395
RJF,"Raymond James Financial, Inc. Common Stock",NYSE,159.87,1384009
RKLB,Rocket Lab Corporation - Common Stock,NASDAQ,73.95,19318681
RKT,"Rocket Companies, Inc. Class A Common Stock",NYSE,12.17,31915518
RL,Ralph Lauren Corporation Common Stock,NYSE,357.1,721286
RLAY,"Relay Therapeutics, Inc. - Common Stock",NASDAQ,17.47,3503159
RLI,RLI Corp. Common Stock (DE),NYSE,55.69,622281
RLJ,RLJ Lodging Trust Common Shares of Beneficial Interest $0.01 par value,NYSE,11.2,1660418
RLMD,"Relmada Therapeutics, Inc. - Common Stock",NASDAQ,3.83,1217554
RMBS,"Rambus, Inc. - Common Stock",NASDAQ,105.16,2659336
RMD,ResMed Inc. Common Stock,NYSE,222.0,1338672
RNG,"RingCentral, Inc. Class A Common Stock",NYSE,76.16,1578836
RNST,Renasant Corporation Common Stock,NYSE,40.35,686700
RNW,ReNew Energy Global plc - Class A Shares,NASDAQ,6.84,1979200
ROAD,"Construction Partners, Inc. - Common Stock",NASDAQ,93.71,568609
ROIV,Roivant Sciences Ltd. - Common Shares,NASDAQ,35.8,10348531
ROK,"Rockwell Automation, Inc. Common Stock",NYSE,434.15,705309
ROKU,"Roku, Inc. - Class A Common Stock",NASDAQ,152.68,2262113
ROL,"Rollins, Inc. Common Stock",NYSE,30.03,6410750
ROP,"Roper Technologies, Inc. - Common Stock",NASDAQ,358.56,833872
ROST,"Ross Stores, Inc. - Common Stock",NASDAQ,236.12,2058036
RPC,"Ridgepost Capital, Inc. Class A Common Stock",NYSE,7.54,570177
RPD,"Rapid7, Inc. - Common Stock",NASDAQ,11.62,2054759
RPM,RPM International Inc. Common Stock,NYSE,100.44,1499050
RPRX,Royalty Pharma plc - Class A Ordinary Shares,NASDAQ,58.21,3166054
RQI,Cohen & Steers Quality Income Realty Fund Inc Common Shares,NYSE,11.17,641581
RRC,Range Resources Corporation Common Stock,NYSE,38.61,2543554
RRR,"Red Rock Resorts, Inc. - Class A Common Stock",NASDAQ,50.76,1172559
RRX,Regal Rexnord Corporation Common Stock,NYSE,156.18,1241231
RSG,"Republic Services, Inc. Common Stock",NYSE,212.1,1688309
RSI,"Rush Street Interactive, Inc. Class A Common Stock",NYSE,19.87,3420159
RSKD,Riskified Ltd. Class A Ordinary Shares,NYSE,7.78,2288300
RTO,Rentokil Initial plc American Depositary Shares (each representing five (5) Ordinary Shares),NYSE,20.64,1768677
RTX,RTX Corporation Common Stock,NYSE,189.4,3888859
RUM,RUM Group Inc. - Class A Common Stock,NASDAQ,8.36,5743113
RUN,Sunrun Inc. - Common Stock,NASDAQ,8.11,7388659
RUSHA,"Rush Enterprises, Inc. - Class A Common Stock",NASDAQ,47.97,621179
RVLV,"Revolve Group, Inc. Class A Common Stock",NYSE,21.2,862004
RVMD,"Revolution Medicines, Inc. - Common Stock",NASDAQ,204.97,2179159
RVTY,"Revvity, Inc. Common Stock",NYSE,151.11,2138522
RWT,"Redwood Trust, Inc. Common Stock",NYSE,3.72,7391963
RXO,"RXO, Inc. Common Stock",NYSE,19.79,1656531
RXRX,"Recursion Pharmaceuticals, Inc. - Class A Common Stock",NASDAQ,3.74,18686586
RXST,"RxSight, Inc. - Common Stock",NASDAQ,4.66,857095
RXT,"Rackspace Technology, Inc. - Common Stock",NASDAQ,3.97,7317040
RY,Royal Bank Of Canada Common Stock,NYSE,201.98,1054859
RYAAY,"Ryanair Holdings plc - American Depositary Shares, each representing five Ordinary Shares",NASDAQ,55.3,1468454
RYAM,Rayonier Advanced Materials Inc. Common Stock,NYSE,8.57,731295
RYAN,"Ryan Specialty Holdings, Inc. Class A Common Stock",NYSE,37.89,2053522
RYN,Rayonier Inc. REIT Common Stock,NYSE,18.88,3727018
RYTM,"Rhythm Pharmaceuticals, Inc. - Common Stock",NASDAQ,98.66,598722
RZLT,"Rezolute, Inc. - Common Stock (NV)",NASDAQ,3.9,1430068
S,"SentinelOne, Inc. Class A Common Stock",NYSE,22.38,9759736
SA,"Seabridge Gold, Inc. Common Shares New",NYSE,30.3,515195
SAIC,Science Applications International Corporation - Common Stock,NASDAQ,132.61,533172
SAIL,"SailPoint, Inc. - Common Stock",NASDAQ,20.64,5220395
SAN,"Banco Santander, S.A. Sponsored ADR (Spain)",NYSE,14.42,8165240
SANM,Sanmina Corporation - Common Stock,NASDAQ,224.77,622754
SAP,SAP  SE ADS,NYSE,210.68,2058059
SARO,"StandardAero, Inc. Common Stock",NYSE,22.74,3704122
SATA,"Strive, Inc. - Variable Rate Series A Perpetual Preferred Stock",NASDAQ,100.01,529568
SATL,Satellogic Inc. - Class A Common Stock,NASDAQ,6.17,4880809
SB,"Safe Bulkers, Inc Common Stock ($0.001 par value)",NYSE,8.14,1571790
SBAC,SBA Communications Corporation - Class A Common Stock,NASDAQ,166.15,936877
SBCF,Seacoast Banking Corporation of Florida - Common Stock,NASDAQ,33.03,803750
SBET,"Sharplink, Inc. - Common Stock",NASDAQ,9.63,8973009
SBH,"Sally Beauty Holdings, Inc. (Name to be changed from Sally Holdings, Inc.) Common Stock",NYSE,17.18,1224236
SBLK,Star Bulk Carriers Corp. - Common Shares,NASDAQ,29.54,1816063
SBRA,"Sabra Health Care REIT, Inc. - Common Stock",NASDAQ,19.85,2336036
SBS,Companhia de saneamento Basico Do Estado De Sao Paulo - Sabesp American Depositary Shares (Each repstg 250 Common Shares),NYSE,5.18,9277459
SBSW,D/B/A Sibanye-Stillwater Limited ADS,NYSE,10.61,5685727
SBUX,Starbucks Corporation - Common Stock,NASDAQ,94.86,6717240
SCCO,Southern Copper Corporation Common Stock,NYSE,203.92,1101409
SCHW,Charles Schwab Corporation (The) Common Stock,NYSE,99.03,8950536
SCI,Service Corporation International Common Stock,NYSE,77.84,886504
SDGR,"Schrodinger, Inc. - Common Stock",NASDAQ,28.85,2052177
SDRL,Seadrill Limited Common Shares,NYSE,45.57,578018
SE,"Sea Limited American Depositary Shares, each representing one Class A Ordinary Share",NYSE,99.55,3436918
SECZ,Securitize Corp. Common Stock,NYSE,15.96,4095222
SEDG,"SolarEdge Technologies, Inc. - Common Stock",NASDAQ,32.68,3298777
SEI,"Solaris Energy Infrastructure, Inc. Class A Common Stock",NYSE,70.97,2665190
SEIC,SEI Investments Company - Common Stock,NASDAQ,105.65,880254
SENS,"Senseonics Holdings, Inc. - Common Stock",NASDAQ,10.0,677100
SERV,Serve Robotics Inc. - Common Stock,NASDAQ,4.45,2975931
SF,Stifel Financial Corporation Common Stock,NYSE,70.35,1262272
SFBS,"ServisFirst Bancshares, Inc. Common Stock",NYSE,41.31,674345
SFD,"Smithfield Foods, Inc. - Common Stock",NASDAQ,19.04,2077972
SFL,SFL Corporation Ltd,NYSE,12.78,1590459
SFM,"Sprouts Farmers Market, Inc. - Common Stock",NASDAQ,62.49,1937650
SFNC,Simmons First National Corporation - Common Stock,NASDAQ,23.23,1305586
SG,"Sweetgreen, Inc. Class A Common Stock",NYSE,8.24,4811109
SGHC,Super Group (SGHC) Limited Ordinary Shares,NYSE,11.97,2484804
SGI,Somnigroup International Inc. Common Stock,NYSE,63.95,3922431
SGLD,Scorpio Gold Corporation - Common Stock,NASDAQ,3.92,915394
SGML,Sigma Lithium Corporation - common shares,NASDAQ,9.58,2046172
SGMT,Sagimet Biosciences Inc. - Series A Common Stock,NASDAQ,9.24,1104868
SGRY,"Surgery Partners, Inc. - Common Stock",NASDAQ,14.4,2631500
SHAK,"Shake Shack, Inc. Class A Common Stock",NYSE,55.55,1280672
SHAZ,"SharonAI Holdings, Inc. - Class A Common Stock",NASDAQ,54.68,1493472
SHC,Sotera Health Company - Common Stock,NASDAQ,18.34,1971886
SHEL,Shell PLC American Depositary Shares (each representing two (2) Ordinary Shares),NYSE,95.78,6380732
SHEN,Shenandoah Telecommunications Co - Common Stock,NASDAQ,11.76,1017472
SHLS,"Shoals Technologies Group, Inc. - Class A Common Stock",NASDAQ,7.47,4430000
SHMD,SCHMID Group N.V. - Class A Ordinary Shares,NASDAQ,4.37,1181381
SHO,"Sunstone Hotel Investors, Inc. Sunstone Hotel Investors, Inc. Common Shares",NYSE,11.19,2149781
SHOE,"Shoe Station Group, Inc. - Common Stock",NASDAQ,13.0,1459650
SHOO,"Steven Madden, Ltd. - Common Stock",NASDAQ,45.06,1100054
SHOP,Shopify Inc. - Class A Subordinate Voting Shares,NASDAQ,142.25,10030327
SHW,Sherwin-Williams Company (The) Common Stock,NYSE,329.1,1695918
SIBN,"SI-BONE, Inc. - Common Stock",NASDAQ,18.59,561822
SIG,Signet Jewelers Limited Common Shares,NYSE,102.26,1113127
SIGA,SIGA Technologies Inc. - Common Stock,NASDAQ,3.45,714468
SIMO,"Silicon Motion Technology Corporation - American Depositary Shares, each representing four ordinary shares",NASDAQ,276.23,768100
SION,"Sionna Therapeutics, Inc. - Common Stock",NASDAQ,5.23,1475559
SIRI,SiriusXM Holdings Inc. - Common Stock,NASDAQ,25.86,4207504
SITC,SITE Centers Corp. Common Stock,NYSE,3.06,1010408
SITE,"SiteOne Landscape Supply, Inc. Common Stock",NYSE,91.31,982227
SJM,The J.M. Smucker Company Common Stock,NYSE,121.0,1456127
SKHY,SK hynix Inc. - American Depositary Shares,NASDAQ,191.56,18697886
SKM,"SK Telecom Co., Ltd. Common Stock",NYSE,36.3,1371422
SKT,Tanger Inc. Common Stock,NYSE,34.73,852090
SKY,"Champion Homes, Inc. Common Stock",NYSE,87.72,520345
SLB,SLB Limited Common Shares,NYSE,51.54,14260518
SLDB,Solid Biosciences Inc. - Common Stock,NASDAQ,7.29,1162922
SLDE,"Slide Insurance Holdings, Inc. - Common Stock",NASDAQ,23.1,1457450
SLF,Sun Life Financial Inc. Common Stock,NYSE,79.91,699868
SLG,SL Green Realty Corp Common Stock,NYSE,51.01,798895
SLGN,Silgan Holdings Inc. Common Stock,NYSE,35.91,1282254
SLM,SLM Corporation - Common Stock,NASDAQ,23.66,1954318
SLN,Silence Therapeutics Plc - American Depository Share,NASDAQ,11.18,763018
SLS,"SELLAS Life Sciences Group, Inc.  - Common Stock",NASDAQ,11.61,6929209
SM,SM Energy Company Common Stock,NYSE,33.91,4194863
SMA,"SmartStop Self Storage REIT, Inc. Common Stock",NYSE,31.73,793709
SMCI,"Super Micro Computer, Inc. - Common Stock",NASDAQ,43.26,37934227
SMCIP,"Super Micro Computer, Inc. - Depositary Shares Each Representing a 1/20th Interest in a Share of 7% Series A Mandatory Convertible Preferred Stock",NASDAQ,72.2,661936
SMFG,Sumitomo Mitsui Financial Group Inc Unsponsored American Depositary Shares (Japan),NYSE,26.61,1375309
SMG,Scotts Miracle-Gro Company (The) Common Stock,NYSE,50.89,900277
SMMT,Summit Therapeutics Inc.  - Common Stock,NASDAQ,15.61,6275313
SMPL,The Simply Good Foods Company - Common Stock,NASDAQ,9.6,2322863
SMR,NuScale Power Corporation Class A Common Stock,NYSE,8.42,37891009
SMTC,Semtech Corporation - Common Stock,NASDAQ,182.3,3592127
SMWB,Similarweb Ltd. Ordinary Shares,NYSE,7.58,688177
SN,"SharkNinja, Inc. Ordinary Shares",NYSE,177.74,2160195
SNAP,Snap Inc. Class A Common Stock,NYSE,5.42,34173200
SNDK,Sandisk Corporation - Common Stock When-Issued,NASDAQ,1777.8,10497545
SNDR,"Schneider National, Inc. Common Stock",NYSE,31.25,659627
SNDX,"Syndax Pharmaceuticals, Inc. - Common Stock",NASDAQ,18.2,1708677
SNEX,StoneX Group Inc. - Common Stock,NASDAQ,66.81,833495
SNN,"Smith & Nephew SNATS, Inc. Common Stock",NYSE,26.91,1875650
SNOW,Snowflake Inc. Common Stock,NYSE,335.94,5350104
SNPS,"Synopsys, Inc. - Common Stock",NASDAQ,425.76,2041731
SNX,TD SYNNEX Corporation Common Stock,NYSE,263.03,951577
SNY,Sanofi - American Depositary Shares,NASDAQ,41.11,2368890
SO,Southern Company (The) Common Stock,NYSE,82.88,6065122
SOBO,South Bow Corporation Common Shares,NYSE,33.99,590945
SOC,Sable Offshore Corp. Common Stock,NYSE,3.88,7636595
SOFI,"SoFi Technologies, Inc.  - Common Stock",NASDAQ,16.58,43658627
SOLS,Solstice Advanced Materials Inc. - Common Stock,NASDAQ,56.65,3009045
SOLV,Solventum Corporation Common Stock,NYSE,89.5,891413
SON,Sonoco Products Company Common Stock,NYSE,50.06,1204381
SONO,"Sonos, Inc. - Common Stock",NASDAQ,18.18,1940854
SONY,Sony Group Corporation American Depositary Shares,NYSE,23.55,3703763
SOPH,SOPHiA GENETICS SA - Ordinary Shares,NASDAQ,8.34,666336
SOUN,"SoundHound AI, Inc. - Class A Common Stock",NASDAQ,6.05,21701963
SPCE,"Virgin Galactic Holdings, Inc. Common Stock",NYSE,3.19,5785027
SPCX,Space Exploration Technologies Corp. - Class A Common Stock,NASDAQ,148.68,86894550
SPG,"Simon Property Group, Inc. Common Stock",NYSE,204.82,1275809
SPGI,S&P Global Inc. Common Stock,NYSE,403.3,1780763
SPHL,Springview Holdings Ltd - Ordinary shares,NASDAQ,3.12,611236
SPHR,Sphere Entertainment Co. Class A Common Stock,NYSE,141.13,560881
SPIR,"Spire Global, Inc. Class A Common Stock",NYSE,12.08,641886
SPNT,SiriusPoint Ltd. Common Shares,NYSE,25.38,1022318
SPOT,Spotify Technology S.A. Ordinary Shares,NYSE,510.01,1459327
SPRY,"ARS Pharmaceuticals, Inc. - Common Stock",NASDAQ,4.08,1441668
SPSC,"SPS Commerce, Inc. - Common Stock",NASDAQ,81.3,535472
SPT,"Sprout Social, Inc - Class A Common Stock",NASDAQ,9.54,1242963
SPXC,"SPX Technologies, Inc. Common Stock",NYSE,172.79,528100
SQM,Sociedad Quimica y Minera S.A. Common Stock,NYSE,66.89,991909
SR,Spire Inc. Common Stock,NYSE,77.21,565677
SRAD,Sportradar Group AG - Class A Ordinary Shares,NASDAQ,13.24,2219963
SRE,DBA Sempra Common Stock,NYSE,77.93,3930763
SRPT,"Sarepta Therapeutics, Inc. - Common Stock",NASDAQ,18.67,3308004
SRRK,Scholar Rock Holding Corporation - Common Stock,NASDAQ,48.63,2106140
SRTA,"Strata Critical Medical, Inc. - Class A Common Stock",NASDAQ,5.33,751500
SRZN,"Surrozen, Inc. - Common Stock",NASDAQ,29.54,777772
SSB,SouthState Bank Corporation Common Stock,NYSE,102.46,659959
SSL,Sasol Ltd. American Depositary Shares,NYSE,14.03,1947190
SSMR,Sunshine Silver Mining & Refining Company Common Stock,NYSE,15.35,618177
SSNC,"SS&C Technologies Holdings, Inc. - Common Stock",NASDAQ,78.61,1629195
SSRM,SSR Mining Inc. - Common Stock,NASDAQ,35.68,2399000
SSTK,"Shutterstock, Inc. Common Stock",NYSE,4.18,973700
SSYS,"Stratasys, Ltd. - Common Stock",NASDAQ,8.26,653150
ST,Sensata Technologies Holding plc Ordinary Shares,NYSE,42.19,1359150
STAA,STAAR Surgical Company - Common Stock,NASDAQ,20.51,1073836
STAG,"Stag Industrial, Inc. Common Stock",NYSE,36.79,1604772
STDN,"Standard Nuclear, Inc. Class A Common Stock",NYSE,12.34,789509
STE,STERIS plc (Ireland) Ordinary Shares,NYSE,208.93,656177
STEP,StepStone Group Inc. - Class A Common Stock,NASDAQ,44.36,1084736
STGW,Stagwell Inc. - Class A Common Stock,NASDAQ,8.32,1181977
STLA,Stellantis N.V. Common Shares,NYSE,4.6,22066290
STLD,"Steel Dynamics, Inc. - Common Stock",NASDAQ,233.66,975950
STLN,"Starling Oncology, Inc. - Common Stock",NASDAQ,6.66,1339968
STM,STMicroelectronics N.V. Common Stock,NYSE,51.93,8025513
STNE,StoneCo Ltd. - Class A Common Share,NASDAQ,9.3,6013095
STNG,Scorpio Tankers Inc. Common Shares,NYSE,81.49,936490
STOK,"Stoke Therapeutics, Inc. - Common Stock",NASDAQ,24.8,840627
STRC,Strategy Inc - Variable Rate Series A Perpetual Stretch Preferred Stock,NASDAQ,98.54,1492459
STRL,"Sterling Infrastructure, Inc. - Common Stock",NASDAQ,512.29,546568
STT,State Street Corporation Common Stock,NYSE,181.34,1870527
STTK,"Shattuck Labs, Inc. - Common Stock",NASDAQ,6.07,1171209
STUB,"StubHub Holdings, Inc. Class A Common Stock",NYSE,5.44,6704145
STWD,"STARWOOD PROPERTY TRUST, INC. Starwood Property Trust Inc.",NYSE,14.36,4322063
STX,Seagate Technology Holdings PLC - Ordinary Shares (Ireland),NASDAQ,916.83,3731763
STZ,"Constellation Brands, Inc. Common Stock",NYSE,113.63,2334904
SU,Suncor Energy  Inc. Common Stock,NYSE,68.19,4671450
SUI,"Sun Communities, Inc. Common Stock",NYSE,112.26,1175631
SUJA,"Suja Life, Inc. - Class A Common Stock",NASDAQ,8.61,510209
SUN,Sunoco LP Common Units representing limited partner interests,NYSE,74.76,607018
SUNB,"Sunbelt Rentals Holdings, Inc. Common Stock",NYSE,75.06,8393104
SUNC,"SunocoCorp LLC Common Units, representing limited liability company interests",NYSE,76.32,501568
SUPN,"Supernus Pharmaceuticals, Inc. - Common Stock",NASDAQ,42.66,608686
SUPX,SuperX AI Technology Limited - Ordinary Shares,NASDAQ,6.89,855063
SUZ,Suzano S.A. American Depositary Shares (each representing One Ordinary Share),NYSE,8.69,2834281
SVC,Service Properties Trust - Common Shares of Beneficial Interest,NASDAQ,6.59,1551259
SVIA,"Silvia, Inc. - Common Stock",NASDAQ,3.92,2557268
SVM,Silvercorp Metals Inc. Common Shares,NYSE American,11.34,2000327
SVRA,"Savara, Inc. - Common Stock",NASDAQ,5.0,1548500
SVV,"Savers Value Village, Inc. Common Stock",NYSE,9.34,1204263
SW,Smurfit WestRock plc Ordinary Shares,NYSE,46.41,4477477
SWBI,"Smith & Wesson Brands, Inc. - Common Stock",NASDAQ,14.26,675413
SWIM,"Latham Group, Inc. - Common Stock",NASDAQ,6.24,853022
SWK,"Stanley Black & Decker, Inc. Common Stock",NYSE,91.4,1659490
SWKS,"Skyworks Solutions, Inc. - Common Stock",NASDAQ,89.34,7841650
SWMR,"Swarmer, Inc - common stock",NASDAQ,20.73,856522
SWVL,Swvl Holdings Corp - Ordinary Shares,NASDAQ,4.09,736631
SWX,"Southwest Gas Holdings, Inc. Common Stock (DE)",NYSE,82.44,722372
SXC,"SunCoke Energy, Inc. Common Stock",NYSE,9.57,999036
SYF,Synchrony Financial Common Stock,NYSE,72.94,3067627
SYK,Stryker Corporation Common Stock,NYSE,272.36,2992972
SYM,Symbotic Inc. - Class A Common Stock,NASDAQ,43.47,1692827
SYNA,Synaptics Incorporated - Common Stock,NASDAQ,102.72,691122
SYRE,"Spyre Therapeutics, Inc. - Common Stock",NASDAQ,85.69,1365668
SYY,Sysco Corporation Common Stock,NYSE,78.46,4267181
T,AT&T Inc.,NYSE,25.38,36983195
TAC,TransAlta Corporation Ordinary Shares,NYSE,11.53,2000063
TAK,Takeda Pharmaceutical Company Limited American Depositary Shares (each representing 1/2 of a share of Common Stock),NYSE,18.86,2256436
TAL,TAL Education Group American Depositary Shares,NYSE,12.0,5103200
TALO,"Talos Energy, Inc. Common Stock",NYSE,16.47,2067840
TAP,Molson Coors Beverage Company Class B Common Stock,NYSE,35.95,5270045
TARA,"Protara Therapeutics, Inc.  - Common Stock",NASDAQ,3.28,846236
TARS,"Tarsus Pharmaceuticals, Inc. - Common Stock",NASDAQ,75.69,775672
TBBB,BBB Foods Inc. Class A Common Shares,NYSE,53.56,602968
TBBK,"The Bancorp, Inc. - Common Stock",NASDAQ,50.58,621995
TBLA,Taboola.com Ltd. - Ordinary Shares,NASDAQ,3.48,1993168
TCOM,Trip.com Group Limited - American Depositary Shares,NASDAQ,39.43,4106672
TCPC,BlackRock TCP Capital Corp. - Closed End Fund,NASDAQ,4.01,697472
TD,Toronto Dominion Bank (The) Common Stock,NYSE,120.65,1739727
TDAY,"USA TODAY Co., Inc. Common Stock",NYSE,6.42,2151045
TDC,Teradata Corporation Common Stock,NYSE,28.94,1660131
TDIC,Dreamland Limited - Class A Ordinary Shares,NASDAQ,3.16,1950231
TDOC,"Teladoc Health, Inc. Common Stock",NYSE,6.09,3303563
TDS,"Telephone and Data Systems, Inc. Common Shares",NYSE,35.85,1448381
TDW,Tidewater Inc. Common Stock,NYSE,84.74,602240
TE,T1 Energy Inc. Common Stock,NYSE,3.78,20164700
TEAM,Atlassian Corporation  - Class A Common Stock,NASDAQ,187.74,3548336
TECH,Bio-Techne Corp - Common Stock,NASDAQ,72.61,2791463
TECK,Teck Resources Ltd Ordinary Shares,NYSE,66.05,2929886
TEL,TE Connectivity plc Ordinary Shares,NYSE,218.59,1962181
TEM,"Tempus AI, Inc. - Class A Common Stock",NASDAQ,85.01,6966959
TEN,Tsakos Energy Navigation Ltd Common Shares,NYSE,46.23,500163
TENB,"Tenable Holdings, Inc. - Common Stock",NASDAQ,33.49,5824845
TER,"Teradyne, Inc. - Common Stock",NASDAQ,398.38,2488590
TEVA,Teva Pharmaceutical Industries Limited Ordinary Shares,NYSE,39.19,5091640
TEX,Terex Corporation Common Stock,NYSE,57.33,999881
TFC,Truist Financial Corporation Common Stock,NYSE,47.66,7380377
TFSL,TFS Financial Corporation - Common Stock,NASDAQ,16.72,710836
TFX,Teleflex Incorporated Common Stock,NYSE,122.07,736181
TGB,Trekor Metals Limited Common Shares,NYSE American,8.61,5520700
TGT,Target Corporation Common Stock,NYSE,157.45,3400331
TGTX,"TG Therapeutics, Inc. - Common Stock",NASDAQ,57.43,1776850
TH,Target Hospitality Corp. - Common Stock,NASDAQ,20.58,2340377
THC,Tenet Healthcare Corporation Common Stock,NYSE,259.71,824259
THO,"Thor Industries, Inc. Common Stock",NYSE,72.15,804836
TIC,"TIC Solutions, Inc. Common Stock",NYSE,8.89,1394163
TIGO,Millicom International Cellular S.A. - Common Stock,NASDAQ,92.63,789845
TIGR,UP Fintech Holding Limited - American Depositary Shares representing fifteen Class A Ordinary Shares,NASDAQ,4.64,2193227
TILE,"Interface, Inc. - Common Stock",NASDAQ,35.2,534281
TJGC,TJGC Group Limited - Class A Ordinary Shares,NASDAQ,26.24,1492804
TJX,"TJX Companies, Inc. (The) Common Stock",NYSE,130.06,9279695
TK,Teekay Corporation Ltd. Common Stock,NYSE,13.7,587863
TKC,Turkcell Iletisim Hizmetleri AS Common Stock,NYSE,5.17,2373172
TKO,"TKO Group Holdings, Inc. Class A Common Stock",NYSE,182.67,1118950
TKR,Timken Company (The) Common Stock,NYSE,117.45,932450
TLK,"PT Telekomunikasi Indonesia, Tbk",NYSE,13.34,696281
TLN,Talen Energy Corporation - Common Stock,NASDAQ,304.42,741459
TLRY,"Tilray Brands, Inc. - Common Stock",NASDAQ,4.13,3424845
TLS,Telos Corporation - Common Stock,NASDAQ,4.04,732040
TLYS,"Tilly's, Inc. Common Stock",NYSE,4.27,1367400
TMC,TMC the metals company Inc. - Common Stock,NASDAQ,3.93,5295177
TMDX,"TransMedics Group, Inc. - Common Stock",NASDAQ,85.29,733190
TME,"Tencent Music Entertainment Group American Depositary Shares, each representing two Class A Ordinary Shares",NYSE,8.39,8072559
TMO,Thermo Fisher Scientific Inc Common Stock,NYSE,675.0,2122009
TMQ,Trilogy Metals Inc. Common Stock,NYSE American,3.2,1257545
TMUS,"T-Mobile US, Inc. - Common Stock",NASDAQ,165.43,5001600
TNDM,"Tandem Diabetes Care, Inc. - Common Stock",NASDAQ,15.72,1925436
TNGX,"Tango Therapeutics, Inc. - Common Stock",NASDAQ,24.92,2852572
TNK,Teekay Tankers Ltd.,NYSE,94.07,569368
TNL,Travel   Leisure Co. Common  Stock,NYSE,63.66,685136
TNMG,TNL Mediagene - Ordinary Shares,NASDAQ,4.39,2373847
TNON,"Tenon Medical, Inc. - Common Stock",NASDAQ,3.13,12799627
TOL,"Toll Brothers, Inc. Common Stock",NYSE,137.34,1035231
TOST,"Toast, Inc. Class A Common Stock",NYSE,30.6,8737418
TPG,TPG Inc. - Class A Common Stock,NASDAQ,44.39,2588222
TPR,"Tapestry, Inc. Common Stock",NYSE,113.88,3360127
TRAX,"First Tracks Biotherapeutics, Inc. - Ordinary Shares",NASDAQ,34.42,710140
TREX,"Trex Company, Inc. Common Stock",NYSE,44.79,1509290
TRGP,"Targa Resources, Inc. Common Stock",NYSE,277.84,1122350
TRI,Thomson Reuters Corp - Common Shares,NASDAQ,98.99,1545440
TRIN,Trinity Capital Inc. Common Stock,NYSE,17.66,906277
TRIP,"TripAdvisor, Inc. - Common Stock",NASDAQ,8.41,4342136
TRLV,Trulieve Cannabis Corp. Subordinate Voting Shares,NYSE,12.21,2277640
TRMB,Trimble Inc. - Common Stock,NASDAQ,57.85,3492563
TRMD,TORM plc - Class A Common Stock,NASDAQ,34.32,1909040
TRN,"Trinity Industries, Inc. Common Stock",NYSE,27.91,594631
TRNO,Terreno Realty Corporation Common Stock,NYSE,66.07,741068
TROW,"T. Rowe Price Group, Inc. - Common Stock",NASDAQ,105.51,1439700
TROX,Tronox Holdings plc Ordinary Shares (UK),NYSE,4.03,2333077
TRP,TC Energy Corporation Common Stock,NYSE,58.78,2664022
TRTX,"TPG RE Finance Trust, Inc. Common Stock",NYSE,6.56,877181
TRU,TransUnion Common Stock,NYSE,69.17,2366568
TRV,"The Travelers Companies, Inc. Common Stock",NYSE,363.04,1465118
TRVI,"Trevi Therapeutics, Inc. - Common Stock",NASDAQ,14.41,1518900
TS,Tenaris S.A. American Depositary Shares,NYSE,55.47,1099345
TSCO,Tractor Supply Company - Common Stock,NASDAQ,32.27,9023077
TSEM,Tower Semiconductor Ltd. - Ordinary Shares,NASDAQ,230.47,1864459
TSHA,"Taysha Gene Therapies, Inc. - Common Stock",NASDAQ,4.67,3340913
TSLA,"Tesla, Inc.  - Common Stock",NASDAQ,372.11,38722904
TSM,Taiwan Semiconductor Manufacturing Company Ltd.,NYSE,450.61,9827327
TSN,"Tyson Foods, Inc. Common Stock",NYSE,50.92,3731995
TSSI,"TSS, Inc. - Common Stock",NASDAQ,9.87,950836
TT,Trane Technologies plc,NYSE,454.44,1061445
TTAN,"ServiceTitan, Inc. - Class A Common Stock",NASDAQ,58.05,4022359
TTC,Toro Company (The) Common Stock,NYSE,97.15,1015286
TTD,"The Trade Desk, Inc. - Class A Common Stock",NASDAQ,12.6,25127627
TTE,TotalEnergies SE Ordinary Shares,NYSE,90.94,1551327
TTEK,"Tetra Tech, Inc. - Common Stock",NASDAQ,33.91,2089595
TTI,"Tetra Technologies, Inc. Common Stock",NYSE,6.08,1937859
TTMI,"TTM Technologies, Inc. - Common Stock",NASDAQ,129.17,1896127
TTWO,"Take-Two Interactive Software, Inc. - Common Stock",NASDAQ,201.44,2878304
TU,Telus Corporation Ordinary Shares,NYSE,8.48,6330468
TVA,Texas Ventures Acquisition III Corp - Class A Ordinary Share,NASDAQ,10.57,513700
TVTX,"Travere Therapeutics, Inc. - Common Stock",NASDAQ,59.44,1486386
TW,Tradeweb Markets Inc. - Class A Common Stock,NASDAQ,101.19,1286659
TWI,"Titan International, Inc. (DE) Common Stock",NYSE,7.07,579827
TWLO,Twilio Inc. Class A Common Stock,NYSE,275.8,2266913
TWST,Twist Bioscience Corporation - Common Stock,NASDAQ,182.83,1898736
TXG,"10x Genomics, Inc. - Common Stock",NASDAQ,85.71,2804527
TXN,Texas Instruments Incorporated - Common Stock,NASDAQ,278.07,5953781
TXNM,"TXNM Energy, Inc. Common Stock",NYSE,58.52,1728459
TXRH,"Texas Roadhouse, Inc. - Common Stock",NASDAQ,159.75,1024077
TXT,Textron Inc. Common Stock,NYSE,76.59,1862100
TYL,"Tyler Technologies, Inc. Common Stock",NYSE,325.57,983404
TYRA,"Tyra Biosciences, Inc. - Common Stock",NASDAQ,21.76,1301922
U,Unity Software Inc. Common Stock,NYSE,41.55,10004686
UA,"Under Armour, Inc. Class C Common Stock",NYSE,4.37,2421550
UAA,"Under Armour, Inc. Class A Common Stock",NYSE,4.43,8601740
UAL,"United Airlines Holdings, Inc. - Common Stock",NASDAQ,113.99,3729845
UAMY,United States Antimony Corporation Common Stock,NYSE,4.5,5884045
UBER,"Uber Technologies, Inc. Common Stock",NYSE,69.62,18154227
UBS,UBS Group AG Registered Ordinary Shares,NYSE,49.67,2140495
UBSI,"United Bankshares, Inc. - Common Stock",NASDAQ,46.86,1058868
UCB,"United Community Banks, Inc. Common Stock",NYSE,34.23,779754
UCTT,"Ultra Clean Holdings, Inc. - Common Stock",NASDAQ,77.69,791381
UDR,"UDR, Inc. Common Stock",NYSE,33.84,3953959
UE,Urban Edge Properties Common Shares of Beneficial Interest,NYSE,19.9,809731
UEC,Uranium Energy Corp. Common Stock,NYSE American,9.41,8743068
UGI,UGI Corporation Common Stock,NYSE,36.51,1951504
UGP,Ultrapar Participacoes S.A. (New) American Depositary Shares (Each representing one Common Share),NYSE,7.1,3447750
UHS,"Universal Health Services, Inc. Common Stock",NYSE,178.86,770100
UL,Unilever PLC American Depositary Shares (each representing One Ordinary Share),NYSE,62.54,3329122
ULCC,"Frontier Group Holdings, Inc. - Common Stock",NASDAQ,6.19,2415754
ULS,UL Solutions Inc. Class A Common Stock,NYSE,66.05,820977
ULTA,"Ulta Beauty, Inc. - Common Stock",NASDAQ,545.2,661050
UMAC,"Unusual Machines, Inc. Common Stock",NYSE American,24.05,2625977
UMBF,UMB Financial Corporation - Common Stock,NASDAQ,135.82,650486
UMC,United Microelectronics Corporation (NEW) Common Stock,NYSE,24.31,11598468
UMH,"UMH Properties, Inc. Common Stock",NYSE,15.4,720709
UNCY,"Unicycive Therapeutics, Inc. - Common Stock",NASDAQ,4.7,785609
UNFI,"United Natural Foods, Inc. Common Stock",NYSE,45.85,698922
UNH,UnitedHealth Group Incorporated Common Stock (DE),NYSE,376.59,4981031
UNIT,Uniti Group Inc. - Common Stock,NASDAQ,8.91,1935831
UNM,Unum Group Common Stock,NYSE,92.09,1973840
UNP,Union Pacific Corporation Common Stock,NYSE,273.79,2452331
UPB,"Upstream Bio, Inc. - Common Stock",NASDAQ,5.36,593286
UPBD,"Upbound Group, Inc. - Common Stock",NASDAQ,16.09,864036
UPS,"United Parcel Service, Inc. Common Stock",NYSE,93.96,4560436
UPST,"Upstart Holdings, Inc. - Common stock",NASDAQ,23.81,4267281
UPWK,Upwork Inc. - Common Stock,NASDAQ,8.15,2768354
URBN,"Urban Outfitters, Inc. - Common Stock",NASDAQ,75.35,1270031
URGN,UroGen Pharma Ltd. - Ordinary Shares,NASDAQ,41.35,714509
UROY,Uranium Royalty Corp. - Common Stock,NASDAQ,4.14,4214027
USA,Liberty All-Star Equity Fund Common Stock,NYSE,5.87,1141300
USAR,"USA Rare Earth, Inc. - Common Stock",NASDAQ,15.18,13037127
USAS,"Americas Gold and Silver Corporation Common Shares, no par value",NYSE American,4.83,4100136
USB,U.S. Bancorp Common Stock,NYSE,59.33,7654100
USDE,StablecoinX Inc. - Class A Common Stock,NASDAQ,17.25,6297522
USFD,US Foods Holding Corp. Common Stock,NYSE,93.33,2455222
UTHR,United Therapeutics Corporation - Common Stock,NASDAQ,475.45,700840
UTI,Universal Technical Institute Inc Common Stock,NYSE,20.3,1822809
UTZ,Utz Brands Inc Class A Common Stock,NYSE,14.24,1584886
UUUU,Energy Fuels Inc Ordinary Shares (Canada),NYSE American,11.35,6661645
V,Visa Inc.,NYSE,367.38,6067509
VAL,Valaris Limited Common Shares,NYSE,80.99,1244877
VALE,VALE S.A.  American Depositary Shares Each Representing one common share,NYSE,13.61,29501881
VBIO,"Valion Bio, Inc. - Common stock",NASDAQ,3.03,802139
VCTR,"Victory Capital Holdings, Inc. - Common Stock",NASDAQ,108.75,793868
VCX,"Fundrise Innovation Fund, LLC Common Shares of Limited Liability Company Interests",NYSE,30.18,514150
VCYT,"Veracyte, Inc. - Common Stock",NASDAQ,45.43,1475768
VECO,Veeco Instruments Inc. - Common Stock,NASDAQ,49.67,570700
VEEA,Veea Inc. - Common Stock,NASDAQ,3.08,12303526
VEEE,Twin Vee PowerCats Co. - Common Stock,NASDAQ,13.95,1436272
VEEV,Veeva Systems Inc. Class A Common Stock,NYSE,280.68,1931127
VELO,"Velo3D, Inc. - Common stock",NASDAQ,11.29,905350
VERA,"Vera Therapeutics, Inc. - Class A Common Stock",NASDAQ,32.54,2565913
VERX,"Vertex, Inc. - Class A Common Stock",NASDAQ,11.37,1366913
VET,Vermilion Energy Inc. Common (Canada),NYSE,11.6,1471531
VFC,V.F. Corporation Common Stock,NYSE,14.15,6880372
VFF,"Village Farms International, Inc. - Common Shares",NASDAQ,3.17,727459
VG,"Venture Global, Inc. Class A common stock",NYSE,12.62,14766086
VGNT,Versigent PLC Ordinary Shares,NYSE,46.73,740440
VIA,"Via Transportation, Inc. Class A Common Stock",NYSE,29.41,856468
VIAV,Viavi Solutions Inc. - Common Stock,NASDAQ,40.68,4888145
VICI,VICI Properties Inc. Common Stock,NYSE,23.51,10326054
VICR,Vicor Corporation - Common Stock,NASDAQ,281.96,863086
VIK,Viking Holdings Ltd Ordinary Shares,NYSE,80.3,4361577
VIPS,"Vipshop Holdings Limited American Depositary Shares, each representing two ordinary shares",NYSE,12.38,3160336
VIR,"Vir Biotechnology, Inc. - Common Stock",NASDAQ,10.66,2231868
VIRT,"Virtu Financial, Inc. Class A Common Stock",NYSE,53.4,1023390
VISN,"Vistance Networks, Inc.  - Common Stock",NASDAQ,6.22,9652486
VIST,"Vista Energy S.A.B. de C.V. American Depositary Shares, each representing one series A share, with no par value",NYSE,67.43,1170595
VITL,"Vital Farms, Inc. - Common Stock",NASDAQ,9.95,1670195
VIV,Telefonica Brasil S.A. American Depositary Shares (Each representing One Common Share),NYSE,11.6,1445627
VKTX,"Viking Therapeutics, Inc. - Common Stock",NASDAQ,35.56,6276095
VLO,Valero Energy Corporation Common Stock,NYSE,387.18,3777804
VLTO,Veralto Corp Common Stock,NYSE,97.14,1712822
VLY,Valley National Bancorp - Common Stock,NASDAQ,13.08,6645340
VMC,Vulcan Materials Company (Holding Company) Common Stock,NYSE,245.0,1171859
VMRK,Vivmark Residential Common Shares of Beneficial Interest,NYSE,61.51,6220495
VNCE,Vince Holding Corp. - Common Stock,NASDAQ,11.5,547700
VNDA,Vanda Pharmaceuticals Inc. - Common Stock,NASDAQ,5.05,760831
VNET,"VNET Group, Inc. - American Depositary Shares",NASDAQ,6.64,3868813
VNO,Vornado Realty Trust Common Stock,NYSE,34.73,1286336
VNOM,"Viper Energy, Inc.  - Class A Common Stock",NASDAQ,40.93,1748104
VNT,Vontier Corporation Common Stock,NYSE,31.48,1274586
VOD,Vodafone Group Plc - American Depositary Shares each representing ten Ordinary Shares,NASDAQ,16.62,3214018
VOR,Vor Biopharma Inc. - Common Stock,NASDAQ,18.52,1195027
VOYA,"Voya Financial, Inc. Common Stock",NYSE,97.27,1172695
VOYG,"Voyager Technologies, Inc. Class A Common Stock",NYSE,31.35,2159318
VRA,"Vera Bradley, Inc. - Common Stock",NASDAQ,4.03,851622
VRDN,"Viridian Therapeutics, Inc.  - Common Stock",NASDAQ,20.47,1576077
VREX,Varex Imaging Corporation - Common Stock,NASDAQ,18.45,699340
VRNS,"Varonis Systems, Inc. - Common Stock",NASDAQ,46.25,1996940
VRRM,Verra Mobility Corporation - Class A Common Stock,NASDAQ,3.24,6575409
VRSK,"Verisk Analytics, Inc. - Common Stock",NASDAQ,169.21,1191618
VRSN,"VeriSign, Inc. - Common Stock",NASDAQ,287.25,728872
VRT,"Vertiv Holdings, LLC Class A Common Stock",NYSE,253.28,5264445
VRTX,Vertex Pharmaceuticals Incorporated - Common Stock,NASDAQ,526.19,1020127
VSAT,"ViaSat, Inc. - Common Stock",NASDAQ,73.02,1690481
VSH,"Vishay Intertechnology, Inc. Common Stock",NYSE,32.55,3680690
VSNT,"Versant Media Group, Inc. - Class A Common Stock",NASDAQ,32.8,1682654
VST,Vistra Corp. Common Stock,NYSE,138.46,4378777
VSTM,"Verastem, Inc. - Common Stock",NASDAQ,7.74,2351618
VSTS,Vestis Corporation Common Stock,NYSE,13.65,1562504
VSXY,Victorias Secret & Co. Common Stock,NYSE,82.91,2118563
VTEX,VTEX Class A Common Shares,NYSE,3.61,707177
VTR,"Ventas, Inc. Common Stock",NYSE,86.59,3687604
VTRS,Viatris Inc. - Common Stock,NASDAQ,17.83,8230722
VTS,"Vitesse Energy, Inc. Common Stock",NYSE,16.75,561045
VVV,Valvoline Inc. Common Stock,NYSE,28.92,2593913
VVX,"V2X, Inc. Common Stock",NYSE,75.65,706854
VWAV,"VisionWave Holdings, Inc. - Common Stock",NASDAQ,4.87,981394
VXX,iPath Series B S&P 500 VIX Short-Term Futures ETN,Cboe BZX,17.3,8197336
VYX,NCR Voyix Corporation Common Stock,NYSE,7.07,3209218
VZ,Verizon Communications Inc. Common Stock,NYSE,47.08,20980190
VZLA,Vizsla Silver Corp. Common Shares,NYSE American,3.95,4878054
W,Wayfair Inc. Class A Common Stock,NYSE,98.15,2360640
WAB,Westinghouse Air Brake Technologies Corporation Common Stock,NYSE,288.0,774090
WAFD,"WaFd, Inc. - Common Stock",NASDAQ,31.35,1244327
WAL,Western Alliance Bancorporation Common Stock (DE),NYSE,77.61,1094868
WAT,Waters Corporation Common Stock,NYSE,433.54,650131
WAY,Waystar Holding Corp. - Common Stock,NASDAQ,24.7,2084318
WB,Weibo Corporation - American Depositary Shares,NASDAQ,6.49,1066963
WBD,"Warner Bros. Discovery, Inc. - Series A Common Stock",NASDAQ,30.86,38094563
WBI,WaterBridge Infrastructure LLC Class A Shares Representing Limited Liability Company Interests,NYSE,29.8,661940
WCN,"Waste Connections, Inc. Common Shares",NYSE,155.56,1123372
WCT,Wellchange Holdings Company Limited - Class A Ordinary shares,NASDAQ,7.93,1804657
WDAY,"Workday, Inc. - Class A Common Stock",NASDAQ,189.45,3344031
WDC,Western Digital Corporation - Common Stock,NASDAQ,456.81,6434931
WDS,"Woodside Energy Group Limited American Depositary Shares, each representing one Ordinary Share",NYSE,22.04,627777
WEAV,"Weave Communications, Inc. Common Stock",NYSE,7.35,2522445
WEC,"WEC Energy Group, Inc. Common Stock",NYSE,101.45,2526877
WELL,Welltower Inc. Common Stock,NYSE,231.37,2738981
WEN,Wendy's Company (The) - Common Stock,NASDAQ,6.55,6870718
WERN,"Werner Enterprises, Inc. - Common Stock",NASDAQ,32.89,888659
WES,"Western Midstream Partners, LP Common Units Representing Limited Partner Interests",NYSE,45.6,826618
WEX,WEX Inc. common stock,NYSE,178.28,555059
WFC,Wells Fargo & Company Common Stock,NYSE,82.97,14004836
WFRD,Weatherford International plc - Ordinary shares,NASDAQ,85.08,1089550
WGO,"Winnebago Industries, Inc. Common Stock",NYSE,27.15,566090
WGS,GeneDx Holdings Corp. - Class A Common Stock,NASDAQ,88.4,663281
WH,"Wyndham Hotels & Resorts, Inc. Common Stock",NYSE,69.99,1233550
WHD,"Cactus, Inc. Class A Common Stock",NYSE,64.3,800377
WHLR,"Wheeler Real Estate Investment Trust, Inc. - Common Stock",NASDAQ,5.2,7104908
WHR,Whirlpool Corporation Common Stock,NYSE,31.71,2744859
WING,Wingstop Inc. - Common Stock,NASDAQ,99.07,1295063
WIX,Wix.com Ltd. - Ordinary Shares,NASDAQ,73.79,1392640
WK,Workiva Inc. Class A Common Stock,NYSE,69.64,935263
WKC,World Kinect Corporation Common Stock,NYSE,35.65,1123013
WLK,Westlake Corporation Common Stock,NYSE,67.71,664677
WLTH,Wealthfront Corporation - Common Stock,NASDAQ,10.18,3501050
WLY,"John Wiley & Sons, Inc. Common Stock",NYSE,47.55,596007
WM,"Waste Management, Inc. Common Stock",NYSE,206.83,2277363
WMB,"Williams Companies, Inc. (The) Common Stock",NYSE,69.26,8034554
WMG,Warner Music Group Corp. - Class A Common Stock,NASDAQ,27.14,1824027
WMS,"Advanced Drainage Systems, Inc. Common Stock",NYSE,133.13,775113
WMT,Walmart Inc. - Common Stock,NASDAQ,107.98,23288168
WNC,Wabash National Corporation Common Stock,NYSE,13.03,704145
WOLF,"Wolfspeed, Inc. Common Stock New",NYSE,27.57,2395240
WPC,W. P. Carey Inc. REIT,NYSE,66.09,1523527
WPM,Wheaton Precious Metals Corp Common Shares (Canada),NYSE,142.92,1898613
WRB,W.R. Berkley Corporation Common Stock,NYSE,66.82,3529572
WRBY,Warby Parker Inc. Class A Common Stock,NYSE,26.71,2999481
WRD,WeRide Inc. - American Depositary Shares,NASDAQ,5.53,2364863
WSBC,"WesBanco, Inc. - Common Stock",NASDAQ,38.66,1041459
WSC,WillScot Holdings Corporation - Class A Common Stock,NASDAQ,18.17,2723854
WSE,Wise Group plc - Class A Ordinary Shares,NASDAQ,11.55,1610095
WSHP,WeShop Holdings Limited - Class A Ordinary Shares,NASDAQ,6.06,747554
WSM,"Williams-Sonoma, Inc. Common Stock (DE)",NYSE,231.9,1293922
WST,"West Pharmaceutical Services, Inc. Common Stock",NYSE,370.44,591063
WT,"WisdomTree, Inc. Common Stock",NYSE,24.33,3065222
WTI,"W&T Offshore, Inc. Common Stock",NYSE,3.65,3624563
WTRG,"Essential Utilities, Inc. Common Stock",NYSE,39.53,2526404
WTTR,"Select Water Solutions, Inc. Class A common stock",NYSE,19.84,1703695
WTW,Willis Towers Watson Public Limited Company - Ordinary Shares,NASDAQ,293.99,502995
WU,Western Union Company (The) Common Stock,NYSE,6.18,8875327
WULF,TeraWulf Inc. - Common Stock,NASDAQ,15.74,27956486
WVE,"Wave Life Sciences, Inc. - Common Stock",NASDAQ,3.78,3259604
WWD,"Woodward, Inc. - Common Stock",NASDAQ,330.31,733200
WWW,"Wolverine World Wide, Inc. Common Stock",NYSE,19.07,683786
WY,Weyerhaeuser Company Common Stock,NYSE,20.01,6255450
WYFI,"WhiteFiber, Inc. - Ordinary Shares",NASDAQ,19.62,1681918
WYHG,Wing Yip Food Holdings Group Limited - American Depositary Shares,NASDAQ,4.13,1070372
WYNN,"Wynn Resorts, Limited - Common Stock",NASDAQ,81.12,2114054
XE,"X-Energy, Inc. - Class A Common Stock",NASDAQ,15.08,7144772
XEL,Xcel Energy Inc. - Common Stock,NASDAQ,69.8,5908627
XENE,Xenon Pharmaceuticals Inc. - Common Shares,NASDAQ,36.94,2008513
XERS,"Xeris Biopharma Holdings, Inc. - Common Stock",NASDAQ,9.1,1863268
XFOR,"X4 Pharmaceuticals, Inc. - Common Stock",NASDAQ,3.01,1061509
XHLD,"TEN Holdings, Inc. - Common Stock",NASDAQ,12.95,3698668
XHR,"Xenia Hotels & Resorts, Inc. Common Stock",NYSE,18.17,900277
XIFR,"XPLR Infrastructure, LP Common Units representing limited partner interests",NYSE,10.55,762013
XMAX,"XMAX, Inc. - Common Stock",NASDAQ,8.71,539736
XMTR,"Xometry, Inc. - Class A Common Stock",NASDAQ,100.57,775140
XNCR,"Xencor, Inc. - Common Stock",NASDAQ,23.8,1499200
XNDU,Xanadu Quantum Technologies Limited - Class B Subordinate Voting Shares,NASDAQ,4.98,4894754
XOM,ExxonMobil Holdings Corporation Common Stock,NYSE,160.59,14522800
XP,XP Inc. - Class A Common Stock,NASDAQ,20.51,7348550
XPEV,"XPeng Inc. American depositary shares, each representing two Class A ordinary shares",NYSE,10.12,6709827
XPO,"XPO, Inc. Common Stock",NYSE,173.17,1079090
XPOF,"Xponential Fitness, Inc. Class A Common Stock",NYSE,3.92,695754
XPON,"Expion Energy, Inc. - Common Stock",NASDAQ,4.66,2227395
XPRO,Expro Ltd Ordinary Shares,NYSE,16.33,810518
XRAY,DENTSPLY SIRONA Inc. - Common Stock,NASDAQ,9.4,4400340
XRX,Xerox Holdings Corporation - Common Stock,NASDAQ,3.32,2620450
XTND,"Xtend AI Robotics, Inc. Common Stock",NYSE,3.98,1338620
XXI,"Twenty One Capital, Inc. Class A Common Stock",NYSE,6.64,2606695
XYL,Xylem Inc. Common Stock New,NYSE,102.63,2631054
XYZ,"Block, Inc. Class A Common Stock,",NYSE,76.42,3996172
YDES,YD Bio Limited - Ordinary Shares,NASDAQ,5.73,634886
YELP,Yelp Inc. Common Stock,NYSE,18.03,1344050
YETI,"YETI Holdings, Inc. Common Stock",NYSE,42.28,1760504
YEXT,"Yext, Inc. Common Stock",NYSE,6.47,1223572
YMM,Full Truck Alliance Co. Ltd. American Depositary Shares (each representing 20 Class A Ordinary Shares),NYSE,8.13,5369286
YOU,"Clear Secure, Inc. Class A Common Stock",NYSE,39.6,2014900
YPF,YPF Sociedad Anonima American Depositary Shares,NYSE,52.1,1293659
YSS,York Space Systems Inc. Common Stock,NYSE,9.57,3747631
YUM,"Yum! Brands, Inc.",NYSE,138.63,2286436
YUMC,"Yum China Holdings, Inc. Common Stock",NYSE,40.47,1464677
Z,"Zillow Group, Inc. - Class C Capital Stock",NASDAQ,28.43,3832395
ZBH,"Zimmer Biomet Holdings, Inc. Common Stock",NYSE,91.04,1974145
ZBIO,"Zenas BioPharma, Inc. - Common Stock",NASDAQ,26.95,662422
ZBRA,Zebra Technologies Corporation - Class A Common Stock,NASDAQ,370.04,567627
ZD,"Ziff Davis, Inc. - Common Stock",NASDAQ,56.51,696368
ZETA,Zeta Global Holdings Corp. Class A Common Stock,NYSE,29.45,6590200
ZG,"Zillow Group, Inc. - Class A Common Stock",NASDAQ,29.3,881659
ZGN,Ermenegildo Zegna N.V. Ordinary Shares,NYSE,12.73,1275027
ZH,"Zhihu Inc. American Depositary Shares, each representing three (3) Class A Ordinary Shares",NYSE,3.76,632940
ZIM,ZIM Integrated Shipping Services Ltd. Ordinary Shares,NYSE,29.19,1300045
ZION,Zions Bancorporation N.A. - Common Stock,NASDAQ,63.83,1482531
ZIP,"ZipRecruiter, Inc. Class A Common Stock",NYSE,3.51,883895
ZLAB,Zai Lab Limited - American Depositary Shares,NASDAQ,24.98,858618
ZM,"Zoom Communications, Inc. - Class A Common Stock",NASDAQ,89.71,3251004
ZS,"Zscaler, Inc. - Common Stock",NASDAQ,193.05,3822104
ZTO,"ZTO Express (Cayman) Inc. American Depositary Shares, each representing one Class A ordinary share.",NYSE,19.49,2855468
ZTS,Zoetis Inc. Class A Common Stock,NYSE,71.05,4658550
ZURA,Zura Bio Limited - Class A Ordinary shares,NASDAQ,4.04,1627904
ZVRA,"Zevra Therapeutics, Inc.  - Common Stock",NASDAQ,11.04,861881
ZWS,Zurn Elkay Water Solutions Corporation Common Stock,NYSE,46.65,883654
ZYME,Zymeworks Inc. - Common Stock,NASDAQ,26.52,727831
